{"tempo": 117.45383522727273, "beats": [0.06965986394557823, 0.603718820861678, 1.1145578231292517, 1.6486167800453515, 2.159455782312925, 2.670294784580499, 3.2043537414965986, 3.7384126984126986, 4.20281179138322, 4.690430839002268, 5.178049886621316, 5.688888888888889, 6.315827664399093, 6.873106575963718, 7.383945578231293, 7.894784580498866, 8.40562358276644, 8.93968253968254, 9.450521541950113, 9.984580498866213, 10.495419501133787, 11.00625850340136, 11.54031746031746, 12.07437641723356, 12.585215419501134, 13.096054421768708, 13.630113378684808, 14.164172335600908, 14.675011337868481, 15.185850340136055, 15.719909297052155, 16.23074829931973, 16.764807256235827, 17.2756462585034, 17.809705215419502, 18.320544217687075, 18.83138321995465, 19.365442176870747, 19.89950113378685, 20.410340136054423, 20.921179138321996, 21.455238095238094, 21.989297052154196, 22.50013605442177, 23.010975056689343, 23.54503401360544, 24.055873015873015, 24.589931972789117, 25.10077097505669, 25.63482993197279, 26.145668934240362, 26.656507936507936, 27.190566893424037, 27.70140589569161, 28.23546485260771, 28.746303854875283, 29.23392290249433, 29.791201814058958, 30.325260770975056, 30.83609977324263, 31.37015873015873, 31.880997732426305, 32.41505668934241, 32.92589569160998, 33.45995464852608, 33.97079365079365, 34.50485260770975, 35.015691609977324, 35.54975056689342, 36.060589569160996, 36.594648526077094, 37.10548752834467, 37.61632653061225, 38.15038548752835, 38.66122448979592, 39.19528344671202, 39.70612244897959, 40.24018140589569, 40.751020408163264, 41.28507936507936, 41.795918367346935, 42.32997732426304, 42.840816326530614, 43.35165532879819, 43.885714285714286, 44.39655328798186, 44.93061224489796, 45.44145124716553, 45.97551020408163, 46.4863492063492, 47.02040816326531, 47.53124716553288, 48.06530612244898, 48.576145124716554, 49.11020408163265, 49.621043083900226, 50.155102040816324, 50.6659410430839, 51.2, 51.710839002267576, 52.244897959183675, 52.75573696145125, 53.289795918367346, 53.80063492063492, 54.33469387755102, 54.84553287981859, 55.356371882086165, 55.86721088435374, 56.30839002267574, 56.74956916099773, 57.213968253968254, 57.7015873015873, 58.212426303854876, 58.60716553287982, 59.00190476190476, 59.53596371882086, 60.04680272108843, 60.58086167800454, 61.11492063492064, 61.62575963718821, 62.136598639455784, 62.67065759637188, 63.181496598639455, 63.69233560090703, 64.22639455782313, 64.76045351473923, 65.2712925170068, 65.8053514739229, 66.339410430839, 66.85024943310657, 67.36108843537414, 67.89514739229026, 68.40598639455783, 68.94004535147393, 69.4508843537415, 69.9849433106576, 70.49578231292517, 71.02984126984127, 71.54068027210884, 72.07473922902494, 72.58557823129252, 73.11963718820861, 73.63047619047619, 74.14131519274376, 74.67537414965986, 75.20943310657596, 75.72027210884353, 76.2311111111111, 76.76517006802722, 77.27600907029479, 77.78684807256236, 78.32090702947846, 78.85496598639456, 79.36580498866213, 79.89986394557823, 80.4107029478458, 80.9447619047619, 81.45560090702948, 81.96643990929705, 82.50049886621315, 83.03455782312925, 83.56861678004535, 84.10267573696144, 84.61351473922902, 85.14757369614513, 85.6584126984127, 86.16925170068028, 86.68009070294785, 87.21414965986395, 87.74820861678005, 88.25904761904762, 88.79310657596372, 89.30394557823129, 89.81478458049887, 90.34884353741496, 90.85968253968254, 91.37052154195011, 91.88136054421769, 92.41541950113378, 92.92625850340136, 93.43709750566893, 93.97115646258503, 94.4819954648526, 95.0160544217687, 95.52689342403629, 96.06095238095239, 96.57179138321996, 97.10585034013606, 97.61668934240363, 98.15074829931973, 98.6615873015873, 99.1956462585034, 99.70648526077098, 100.24054421768707, 100.77460317460317, 101.28544217687075, 101.79628117913832, 102.33034013605442, 102.86439909297052, 103.37523809523809, 103.88607709750566, 104.42013605442177, 104.93097505668935, 105.44181405895692, 105.97587301587302, 106.4867120181406, 107.02077097505669, 107.55482993197279, 108.06566893424036, 108.59972789115646, 109.11056689342404, 109.62140589569161, 110.15546485260771, 110.66630385487528, 111.20036281179138, 111.71120181405895, 112.24526077097505, 112.75609977324262, 113.29015873015874, 113.80099773242631, 114.33505668934241, 114.84589569160998, 115.35673469387756, 115.89079365079365, 116.42485260770975, 116.93569160997733, 117.4465306122449, 117.980589569161, 118.49142857142857, 119.02548752834467, 119.53632653061224, 120.07038548752834, 120.58122448979591, 121.11528344671201, 121.62612244897959, 122.16018140589568, 122.67102040816326, 123.20507936507937, 123.71591836734694, 124.24997732426304, 124.76081632653062, 125.27165532879819, 125.80571428571429, 126.31655328798186, 126.85061224489796, 127.36145124716553, 127.89551020408163, 128.4063492063492, 128.94040816326532, 129.4512471655329, 129.96208616780046, 130.49614512471655, 131.03020408163266, 131.54104308390023, 132.0518820861678, 132.5859410430839, 133.12, 133.63083900226758, 134.14167800453515, 134.67573696145124, 135.1865759637188, 135.72063492063492, 136.2314739229025, 136.7655328798186, 137.27637188208618, 137.81043083900227, 138.32126984126984, 138.85532879818595, 139.36616780045352, 139.9002267573696, 140.41106575963718, 140.9451247165533, 141.47918367346938, 141.99002267573695, 142.52408163265306, 143.03492063492064, 143.5457596371882, 144.10303854875283, 144.63709750566895, 145.14793650793652, 145.6587755102041, 146.16961451247167, 146.70367346938775, 147.21451247165533, 147.74857142857144, 148.259410430839, 148.7934693877551, 149.30430839002267, 149.81514739229024, 150.34920634920636, 150.86004535147393, 151.39410430839, 151.92816326530613, 152.4390022675737, 152.97306122448978, 153.48390022675736, 153.99473922902493, 154.52879818594104, 155.06285714285715, 155.59691609977324, 156.1077551020408, 156.6185941043084, 157.12943310657596, 157.64027210884353, 158.1511111111111, 158.66195011337868, 159.1960090702948, 159.73006802721088, 160.24090702947845, 160.77496598639456, 161.28580498866214, 161.81986394557822, 162.3307029478458, 162.8647619047619, 163.37560090702948, 163.9096598639456, 164.42049886621317, 164.93133786848074, 165.46539682539682, 165.99945578231294, 166.5102947845805, 167.02113378684808, 167.55519274376417, 168.08925170068028, 168.60009070294785, 169.11092970521543, 169.6449886621315, 170.17904761904762, 170.6898866213152, 171.20072562358277, 171.73478458049885, 172.24562358276643, 172.756462585034, 173.26730158730157, 173.8013605442177, 174.31219954648526, 174.84625850340137, 175.38031746031746, 175.89115646258503, 176.42521541950114, 176.93605442176872, 177.4468934240363, 177.98095238095237, 178.49179138321995, 179.02585034013606, 179.53668934240363, 180.07074829931972, 180.5815873015873, 181.09242630385486, 181.53360544217688, 181.97478458049886, 182.41596371882085, 182.92680272108842, 183.43764172335602, 183.83238095238096, 184.2271201814059, 184.73795918367347, 185.27201814058958, 185.80607709750566, 186.31691609977324, 186.85097505668935, 187.36181405895692, 187.895873015873, 188.38349206349207, 188.91755102040815, 189.42839002267573, 189.98566893424035, 190.49650793650792, 191.03056689342404, 191.5414058956916, 192.07546485260772, 192.5863038548753, 193.12036281179138, 193.63120181405895, 194.14204081632653, 194.67609977324264, 195.1869387755102, 195.7209977324263, 196.23183673469387, 196.76589569160998, 197.27673469387756, 197.81079365079364, 198.32163265306122, 198.8324716553288, 199.3665306122449, 199.90058956916099, 200.41142857142856, 200.92226757369613, 201.45632653061224, 201.99038548752836, 202.50122448979593, 203.0120634920635, 203.5461224489796, 204.05696145124716, 204.59102040816327, 205.10185941043085, 205.63591836734693, 206.1467573696145, 206.68081632653062, 207.1916553287982, 207.72571428571428, 208.23655328798185, 208.77061224489796, 209.28145124716553, 209.7922902494331, 210.3263492063492, 210.83718820861677, 211.37124716553288, 211.88208616780045, 212.41614512471656, 