{"tempo": 117.45383522727273, "beats": [0.23219954648526078, 0.7198185941043084, 1.18421768707483, 1.6486167800453515, 2.1130158730158732, 2.5774149659863945, 3.0882539682539685, 3.575873015873016, 4.08671201814059, 4.574331065759637, 5.085170068027211, 5.596009070294785, 6.176507936507937, 6.733786848072563, 7.267845804988662, 7.825124716553288, 8.335963718820862, 8.846802721088435, 9.311201814058958, 9.822040816326531, 10.332879818594105, 10.843718820861678, 11.331337868480725, 11.842176870748299, 12.329795918367347, 12.84063492063492, 13.328253968253968, 13.839092970521541, 14.32671201814059, 14.837551020408164, 15.32517006802721, 15.836009070294784, 16.34684807256236, 16.834467120181404, 17.345306122448978, 17.832925170068027, 18.320544217687075, 18.83138321995465, 19.342222222222222, 19.82984126984127, 20.340680272108845, 20.82829931972789, 21.31591836734694, 21.826757369614512, 22.337596371882086, 22.825215419501134, 23.312834467120183, 23.823673469387757, 24.33451247165533, 24.845351473922904, 25.33297052154195, 25.843809523809522, 26.33142857142857, 26.842267573696144, 27.329886621315193, 27.840725623582767, 28.328344671201815, 28.83918367346939, 29.326802721088434, 29.837641723356008, 30.325260770975056, 30.83609977324263, 31.32371882086168, 31.834557823129252, 32.345396825396826, 32.833015873015874, 33.34385487528345, 33.8314739229025, 34.319092970521545, 34.82993197278912, 35.34077097505669, 35.828390022675734, 36.33922902494331, 36.826848072562356, 37.33768707482993, 37.8485260770975, 38.33614512471655, 38.846984126984125, 39.334603174603174, 39.82222222222222, 40.333061224489796, 40.820680272108845, 41.26185941043084, 41.77269841269841, 42.26031746031746, 42.840816326530614, 43.35165532879819, 43.83927437641724, 44.32689342403628, 44.83773242630385, 45.348571428571425, 45.836190476190474, 46.34702947845805, 46.834648526077096, 47.34548752834467, 47.83310657596372, 48.34394557823129, 48.83156462585034, 49.24952380952381, 49.76036281179138, 50.24798185941043, 50.758820861678004, 51.24643990929705, 51.757278911564626, 52.244897959183675, 52.68607709750567, 53.127256235827666, 53.59165532879818, 54.07927437641723, 54.590113378684805, 55.077732426303854, 55.5653514739229, 56.076190476190476, 56.563809523809525, 57.0746485260771, 57.56226757369615, 58.07310657596372, 58.583945578231294, 59.07156462585034, 59.582403628117916, 60.070022675736965, 60.58086167800454, 61.06848072562358, 61.57931972789115, 62.0669387755102, 62.577777777777776, 63.065396825396824, 63.5762358276644, 64.08707482993198, 64.57469387755103, 65.0855328798186, 65.57315192743764, 66.08399092970521, 66.57160997732426, 67.08244897959183, 67.57006802721088, 68.08090702947845, 68.59174603174603, 69.07936507936508, 69.59020408163265, 70.0778231292517, 70.58866213151927, 71.21560090702948, 71.74965986394558, 72.26049886621315, 72.77133786848073, 73.25895691609978, 73.76979591836735, 74.2574149659864, 74.76825396825397, 75.25587301587302, 75.7667120181406, 76.25433106575964, 76.76517006802722, 77.27600907029479, 77.83328798185941, 78.32090702947846, 78.78530612244899, 79.2497052154195, 79.76054421768707, 80.24816326530612, 80.75900226757369, 81.24662131519274, 81.75746031746031, 82.26829931972789, 82.77913832199546, 83.26675736961451, 83.75437641723356, 84.24199546485261, 84.75283446712018, 85.26367346938775, 85.82095238095238, 86.35501133786848, 86.95873015873016, 87.51600907029479, 88.07328798185941, 88.58412698412698, 89.07174603174603, 89.5825850340136, 90.09342403628118, 90.58104308390023, 91.06866213151928, 91.57950113378685, 92.09034013605442, 92.57795918367347, 93.08879818594104, 93.5764172335601, 94.08725623582767, 94.57487528344672, 95.06249433106576, 95.64299319727891, 96.24671201814058, 96.82721088435375, 97.33804988662132, 97.82566893424037, 98.33650793650794, 98.84734693877552, 99.33496598639456, 99.84580498866214, 100.33342403628117, 100.84426303854875, 101.3318820861678, 101.84272108843537, 102.33034013605442, 102.84117913832199, 103.35201814058956, 103.83963718820861, 104.35047619047619, 104.83809523809524, 105.34893424036281, 105.83655328798186, 106.34739229024943, 106.83501133786848, 107.34585034013605, 107.8334693877551, 108.34430839002268, 108.83192743764172, 109.3427664399093, 109.83038548752835, 110.34122448979592, 110.82884353741497, 111.27002267573697, 111.757641723356, 112.24526077097505, 112.75609977324262, 113.24371882086167, 113.82421768707484, 114.33505668934241, 114.84589569160998, 115.33351473922903, 115.8443537414966, 116.33197278911565, 116.84281179138323, 117.33043083900226, 117.84126984126983, 118.32888888888888, 118.81650793650793, 119.25768707482993, 119.7685260770975, 120.25614512471655, 120.76698412698413, 121.25460317460318, 121.83510204081632, 122.3459410430839, 122.83356009070295, 123.34439909297052, 123.83201814058957, 124.34285714285714, 124.83047619047619, 125.31809523809524, 125.82893424036281, 126.33977324263039, 126.82739229024943, 127.33823129251701, 127.82585034013606, 128.33668934240362, 128.8475283446712, 129.33514739229025, 129.8227664399093, 130.33360544217686, 130.84444444444443, 131.3320634920635, 131.84290249433107, 132.35374149659864, 132.81814058956917, 133.32897959183674, 133.83981859410432, 134.3506575963719, 134.86149659863946, 135.3491156462585, 135.83673469387756, 136.34757369614513, 136.8584126984127, 137.34603174603174, 137.85687074829931, 138.3677097505669, 138.85532879818595, 139.34294784580499]}