{"tempo": 172.265625, "beats": [0.13931972789115646, 0.4876190476190476, 0.8359183673469388, 1.18421768707483, 1.5325170068027212, 1.9040362811791383, 2.2523356009070294, 2.6006349206349206, 2.9257142857142857, 3.274013605442177, 3.622312925170068, 3.9938321995464854, 4.365351473922902, 4.713650793650793, 5.061950113378685, 5.410249433106576, 5.758548752834467, 6.106848072562358, 6.455147392290249, 6.8034467120181406, 7.151746031746032, 7.523265306122449, 7.848344671201814, 8.17342403628118, 8.52172335600907, 8.846802721088435, 9.1718820861678, 9.520181405895691, 9.868480725623582, 10.216780045351474, 10.588299319727891, 10.913378684807256, 11.215238095238096, 11.517097505668934, 11.818956916099774, 12.144036281179138, 12.538775510204081, 12.910294784580499, 13.25859410430839, 13.606893424036281, 13.978412698412699, 14.280272108843537, 14.582131519274377, 14.907210884353741, 15.209070294784581, 15.51092970521542, 15.836009070294784, 16.137868480725622, 16.439727891156462, 16.741587301587302, 17.04344671201814, 17.368526077097506, 17.670385487528346, 17.972244897959182, 18.297324263038547, 18.64562358276644, 18.99392290249433, 19.365442176870747, 19.736961451247165, 20.085260770975058, 20.433560090702947, 20.735419501133787, 21.060498866213152, 21.36235827664399, 21.66421768707483, 21.989297052154196, 22.291156462585032, 22.593015873015872, 22.894875283446712, 23.196734693877552, 23.521814058956917, 23.823673469387757, 24.125532879818593, 24.427392290249433, 24.752471655328797, 25.054331065759637, 25.356190476190477, 25.658049886621317, 25.98312925170068, 26.284988662131518, 26.586848072562358, 26.911927437641722, 27.213786848072562, 27.515646258503402, 27.817505668934242, 28.142585034013607, 28.514104308390024, 28.862403628117914, 29.210702947845807, 29.58222222222222, 29.930521541950114, 30.278820861678003, 30.603900226757368, 30.905759637188208, 31.207619047619048, 31.509478458049887, 31.811337868480727, 32.13641723356009, 32.48471655328798, 32.8562358276644, 33.22775510204082, 33.599274376417235, 33.97079365079365, 34.319092970521545, 34.690612244897956, 35.062131519274374, 35.38721088435374, 35.735510204081635, 36.08380952380952, 36.432108843537414, 36.78040816326531, 37.151927437641724, 37.50022675736962, 37.8485260770975, 38.196825396825396, 38.54512471655329, 38.89342403628118, 39.21850340136054, 39.52036281179139, 39.82222222222222, 40.12408163265306, 40.44916099773243, 40.751020408163264, 41.05287981859411, 41.37795918367347, 41.72625850340136, 42.074557823129254, 42.42285714285714, 42.77115646258503, 43.119455782312926, 43.46775510204082, 43.816054421768705, 44.14113378684807, 44.51265306122449, 44.88417233560091, 45.2324716553288, 45.60399092970521, 45.952290249433105, 46.27736961451247, 46.57922902494331, 46.90430839002268, 47.22938775510204, 47.62412698412698, 47.9956462585034, 48.36716553287982, 48.738684807256234, 49.08698412698413, 49.458503401360545, 49.83002267573696, 50.155102040816324, 50.50340136054422, 50.85170068027211, 51.2, 51.525079365079364, 51.82693877551021, 52.128798185941044, 52.43065759637188, 52.75573696145125, 53.057596371882084, 53.35945578231293, 53.661315192743764, 53.98639455782313, 54.35791383219954, 54.72943310657596, 55.077732426303854, 55.42603174603175, 55.77433106575964, 56.122630385487525, 56.447709750566894, 56.81922902494331, 57.19074829931973, 57.53904761904762, 57.88734693877551, 58.2356462585034, 58.583945578231294, 58.88580498866213, 59.2108843537415, 59.512743764172335, 59.81460317460318, 60.13968253968254, 60.441541950113375, 60.74340136054422, 61.045260770975055, 61.39356009070295, 61.765079365079366, 62.11337868480726, 62.461678004535145, 62.80997732426304, 63.15827664399093, 63.506575963718824, 63.831655328798185, 64.13351473922903, 64.45859410430839, 64.76045351473923, 65.10875283446713, 65.48027210884354, 65.82857142857142, 66.17687074829932, 66.52517006802721, 66.85024943310657, 67.19854875283447, 67.54684807256236, 67.89514739229026, 68.24344671201814, 68.59174603174603, 68.96326530612245, 69.31156462585034, 69.65986394557824, 69.9849433106576, 70.28680272108843, 70.58866213151927, 70.89052154195011, 71.21560090702948, 71.61034013605442, 71.98185941043084, 72.3069387755102, 72.65523809523809, 73.00353741496599, 73.35183673469388, 73.67691609977324, 74.07165532879819, 74.4431746031746, 74.76825396825397, 75.11655328798186, 75.46485260770974, 75.81315192743764, 76.138231292517, 76.53297052154196, 76.90448979591837, 77.22956916099773, 77.60108843537415, 77.97260770975056, 78.27446712018141, 78.64598639455782, 79.01750566893423, 79.36580498866213, 79.6908843537415, 80.06240362811792, 80.43392290249433, 80.73578231292517, 81.06086167800453, 81.43238095238095, 81.8271201814059, 82.15219954648526, 82.52371882086167, 82.8952380952381, 83.19709750566894, 83.5221768707483, 83.89369614512472, 84.28843537414966, 84.61351473922902, 84.98503401360544, 85.35655328798185, 85.6584126984127, 85.98349206349206, 86.35501133786848, 86.74975056689343, 87.07482993197279, 87.42312925170069, 87.77142857142857, 88.11972789115646, 88.46802721088436, 88.83954648526077, 89.2110657596372, 89.55936507936508, 89.90766439909297, 90.25596371882087, 90.60426303854875, 90.95256235827664, 91.30086167800454, 91.64916099773242, 92.02068027210885, 92.36897959183673, 92.71727891156462, 93.06557823129252, 93.4138775510204, 93.7621768707483, 94.13369614512472, 94.4819954648526, 94.8302947845805, 95.17859410430839, 95.52689342403629, 95.87519274376417, 96.22349206349206, 96.59501133786848, 96.94331065759637, 97.29160997732426, 97.66312925170068, 98.01142857142857, 98.35972789115647, 98.70802721088435, 99.05632653061224, 99.42784580498866, 99.77614512471655, 100.12444444444445, 100.47274376417234, 100.82104308390022, 101.16934240362812, 101.54086167800453, 101.88916099773243, 102.23746031746032, 102.5857596371882, 102.95727891156463, 103.30557823129251, 103.65387755102041, 104.0021768707483, 104.35047619047619, 104.69877551020409, 105.04707482993197, 105.39537414965986, 105.76689342403628, 106.11519274376417, 106.46349206349207, 106.83501133786848, 107.18331065759637, 107.53160997732427, 107.87990929705215, 108.22820861678005, 108.59972789115646, 108.94802721088435, 109.29632653061225, 109.64462585034013, 109.99292517006803, 110.36444444444444, 110.71274376417233, 111.06104308390023, 111.40934240362812, 111.78086167800454, 112.1059410430839, 112.45424036281179, 112.82575963718821, 113.1740589569161, 113.52235827664398, 113.87065759637188, 114.2421768707483, 114.5904761904762, 114.93877551020408, 115.28707482993197, 115.63537414965987, 116.00689342403628, 116.35519274376418, 116.70349206349206, 117.05179138321995, 117.42331065759637, 117.77160997732426, 118.11990929705216, 118.46820861678005, 118.81650793650793, 119.16480725623583, 119.53632653061224, 119.88462585034014, 120.23292517006803, 120.58122448979591, 120.92952380952381, 121.2778231292517, 121.62612244897959, 121.99764172335601, 122.3459410430839, 122.6942403628118, 123.06575963718821, 123.4140589569161, 123.762358276644, 124.11065759637188, 124.45895691609978, 124.80725623582767, 125.15555555555555, 125.52707482993198, 125.89859410430839, 126.24689342403629, 126.59519274376417, 126.94349206349206, 127.29179138321996, 127.64009070294784, 128.01160997732427, 128.35990929705216, 128.70820861678004, 129.05650793650793, 129.42802721088435, 129.77632653061224, 130.12462585034012, 130.47292517006804, 130.82122448979592, 131.19274376417235, 131.54104308390023, 131.88934240362812, 132.26086167800455, 132.60916099773243, 132.95746031746032, 133.2825396825397, 133.6540589569161, 134.002358276644, 134.3506575963719, 134.69895691609977, 135.0704761904762, 135.41877551020409, 135.76707482993197, 136.11537414965986, 136.48689342403628, 136.83519274376417, 137.18349206349205, 137.53179138321997, 137.88009070294785, 138.25160997732425, 138.59990929705216, 138.94820861678005, 139.29650793650794, 139.64480725623582, 139.9931065759637, 140.34140589569162, 140.71292517006802, 141.0612244897959, 