{"tempo": 112.34714673913044, "beats": [1.4628571428571429, 1.9969160997732427, 2.5309750566893423, 3.0650340136054424, 3.599092970521542, 4.1099319727891155, 4.6439909297052155, 5.178049886621316, 5.688888888888889, 6.222947845804988, 6.757006802721088, 7.291065759637188, 7.825124716553288, 8.335963718820862, 8.870022675736962, 9.404081632653062, 9.93814058956916, 10.47219954648526, 11.00625850340136, 11.517097505668934, 12.051156462585034, 12.585215419501134, 13.096054421768708, 13.630113378684808, 14.164172335600908, 14.698231292517006, 15.209070294784581, 15.766349206349206, 16.27718820861678, 16.81124716553288, 17.345306122448978, 17.87936507936508, 18.390204081632653, 18.92426303854875, 19.458321995464853, 19.99238095238095, 20.526439909297054, 21.037278911564627, 21.571337868480725, 22.105396825396827, 22.6162358276644, 23.173514739229024, 23.707573696145126, 24.2184126984127, 24.752471655328797, 25.2865306122449, 25.820589569160997, 26.354648526077096, 26.865487528344673, 27.39954648526077, 27.93360544217687, 28.46766439909297, 29.00172335600907, 29.512562358276643, 30.046621315192745, 30.580680272108843, 31.091519274376417, 31.62557823129252, 32.15963718820862, 32.69369614512472, 33.22775510204082, 33.761814058956915, 34.29587301587301, 34.82993197278912, 35.34077097505669, 35.87482993197279, 36.29278911564626, 36.75718820861678, 37.29124716553288, 37.802086167800454, 38.33614512471655, 38.87020408163265, 39.381043083900224, 39.938321995464854, 40.47238095238095, 40.983219954648526, 41.517278911564624, 42.05133786848072, 42.58539682539683, 43.0962358276644, 43.6302947845805, 44.1643537414966, 44.698412698412696, 45.2324716553288, 45.7665306122449, 46.27736961451247, 46.81142857142857, 47.34548752834467, 47.87954648526077, 48.39038548752834, 48.94766439909297, 49.458503401360545, 49.99256235827664, 50.50340136054422, 51.06068027210885, 51.66439909297052, 52.2681179138322, 52.82539682539682, 53.336235827664396, 53.893514739229026, 54.497233560090706, 55.10095238095238, 55.635011337868484, 56.16907029478458, 56.679909297052156, 57.213968253968254, 57.74802721088435, 58.28208616780045, 58.816145124716556, 59.350204081632654, 59.86104308390023, 60.395102040816326, 60.929160997732424, 61.46321995464853, 61.99727891156463, 62.531337868480726, 63.0421768707483, 63.5762358276644, 64.1102947845805, 64.6443537414966, 65.15519274376418, 65.68925170068027, 66.22331065759637, 66.75736961451247, 67.29142857142857, 67.80226757369614, 68.33632653061224, 68.87038548752834, 69.40444444444445, 69.93850340136055, 70.44934240362812, 70.98340136054422, 71.51746031746032, 72.05151927437642, 72.58557823129252, 73.09641723356009, 73.63047619047619, 74.16453514739229, 74.69859410430838, 75.2326530612245, 75.74349206349207, 76.27755102040817, 76.81160997732427, 77.34566893424036, 77.87972789115646, 78.39056689342404, 78.92462585034014, 79.45868480725623, 79.99274376417233, 80.5035827664399, 81.037641723356, 81.478820861678, 81.94321995464853, 82.4540589569161, 82.9881179138322, 83.5221768707483, 84.0562358276644, 84.56707482993197, 85.10113378684807, 85.63519274376418, 86.16925170068028, 86.68009070294785, 87.21414965986395, 87.74820861678005, 88.28226757369615, 88.81632653061224, 89.30394557823129, 89.86122448979592, 90.39528344671201, 90.92934240362811, 91.44018140589569, 91.9742403628118, 92.53151927437642, 93.042358276644, 93.55319727891157, 94.08725623582767, 94.62131519274377, 95.15537414965986, 95.68943310657596, 96.22349206349206, 96.75755102040816, 97.29160997732426, 97.80244897959183, 98.33650793650794, 98.87056689342404, 99.40462585034014, 99.93868480725624, 100.54240362811791, 101.1461224489796, 101.6801814058957, 102.2142403628118, 102.74829931972789, 103.28235827664399, 103.81641723356009, 104.35047619047619, 104.86131519274376, 105.39537414965986, 105.90621315192743, 106.46349206349207, 107.16009070294784, 107.69414965986394, 108.20498866213151, 108.73904761904762, 109.27310657596372, 109.80716553287982, 110.34122448979592, 110.87528344671202, 111.38612244897959, 111.92018140589569, 112.45424036281179, 112.98829931972789, 113.52235827664398, 114.0564172335601, 114.56725623582767, 115.10131519274377, 115.63537414965987, 116.16943310657597, 116.70349206349206, 117.21433106575964, 117.74839002267574, 118.28244897959183, 118.81650793650793, 119.35056689342403, 119.88462585034014, 120.39546485260772, 120.92952380952381, 121.46358276643991, 121.99764172335601, 122.50848072562358, 123.04253968253968, 123.57659863945578, 124.11065759637188, 124.64471655328798, 125.15555555555555, 125.68961451247165, 126.22367346938775, 126.75773242630386, 127.29179138321996, 127.80263038548753, 128.33668934240362, 128.87074829931973, 129.40480725623584, 129.93886621315193, 130.4497052154195, 130.9837641723356, 131.5178231292517, 132.0518820861678, 132.5859410430839, 133.09678004535147, 133.63083900226758, 134.16489795918366, 134.69895691609977, 135.2330158730159, 135.76707482993197, 136.27791383219954, 136.81197278911566, 137.34603174603174, 137.88009070294785, 138.39092970521543, 138.9249886621315, 139.45904761904762, 139.9931065759637, 140.52716553287982, 141.0380045351474, 141.57206349206348, 142.12934240362813, 142.70984126984126, 143.29034013605443, 143.8708390022676, 144.40489795918367, 144.93895691609978, 145.44979591836736, 145.98385487528344, 146.51791383219955, 147.05197278911564, 147.58603174603175, 148.12009070294783, 148.6309297052154, 149.16498866213152, 149.69904761904763, 150.23310657596372, 150.7439455782313, 151.2780045351474, 151.8120634920635, 152.3461224489796, 152.88018140589568, 153.39102040816326, 153.92507936507937, 154.45913832199545, 154.99319727891157]}