{"tempo": 129.19921875, "beats": [5.990748299319728, 6.431927437641724, 6.896326530612245, 7.360725623582766, 7.825124716553288, 8.289523809523809, 8.753922902494331, 9.311201814058958, 9.822040816326531, 10.332879818594105, 10.797278911564625, 11.261678004535147, 11.72607709750567, 12.19047619047619, 12.678095238095239, 13.165714285714285, 13.630113378684808, 14.071292517006803, 14.535691609977324, 15.023310657596372, 15.487709750566893, 15.952108843537415, 16.416507936507937, 16.92734693877551, 17.368526077097506, 17.832925170068027, 18.297324263038547, 18.76172335600907, 19.22612244897959, 19.690521541950112, 20.01560090702948, 20.503219954648525, 20.96761904761905, 21.408798185941045, 21.826757369614512, 22.221496598639455, 22.66267573696145, 23.08063492063492, 23.475374149659864, 23.939773242630384, 24.404172335600908, 24.86857142857143, 25.356190476190477, 25.843809523809522, 26.308208616780046, 26.772607709750567, 27.237006802721087, 27.70140589569161, 28.16580498866213, 28.63020408163265, 29.094603174603176, 29.58222222222222, 30.046621315192745, 30.511020408163265, 30.998639455782314, 31.463038548752834, 31.927437641723355, 32.391836734693875, 32.8562358276644, 33.34385487528345, 33.85469387755102, 34.34231292517007, 34.80671201814059, 35.247891156462586, 35.68907029478458, 36.1534693877551, 36.617868480725626, 37.08226757369614, 37.54666666666667, 38.034285714285716, 38.49868480725623, 38.963083900226756, 39.450702947845805, 39.91510204081633, 40.379501133786846, 40.84390022675737, 41.308299319727894, 41.77269841269841, 42.237097505668935, 42.72471655328798, 43.21233560090703, 43.67673469387755, 44.11791383219955, 44.535873015873015, 44.977052154195015, 45.39501133786848, 45.836190476190474, 46.32380952380952, 46.78820861678005, 47.25260770975056, 47.809886621315194, 48.34394557823129, 48.83156462585034, 49.295963718820865, 49.76036281179138, 50.224761904761905, 50.712380952380954, 51.17678004535147, 51.641179138321995, 52.15201814058957, 52.66285714285714, 53.15047619047619, 53.614875283446715, 54.07927437641723, 54.543673469387755, 55.00807256235828, 55.42603174603175, 55.89043083900227, 56.401269841269844, 56.888888888888886, 57.330068027210885, 57.74802721088435, 58.212426303854876, 58.700045351473925, 59.187664399092974, 59.69850340136055, 60.18612244897959, 60.69696145124716, 61.18458049886621, 61.67219954648526, 62.136598639455784, 62.6009977324263, 63.065396825396824, 63.55301587301587, 64.01741496598639, 64.48181405895691, 64.96943310657596, 65.43383219954649, 65.89823129251701, 66.36263038548753, 66.82702947845804, 67.29142857142857, 67.77904761904762, 68.24344671201814, 68.70784580498866, 69.12580498866213, 69.59020408163265, 70.0778231292517, 70.58866213151927, 71.0530612244898, 71.51746031746032, 72.00507936507937, 72.46947845804989, 72.9338775510204, 73.39827664399093, 73.86267573696145, 74.28063492063492, 74.74503401360545, 75.20943310657596, 75.74349206349207, 76.2311111111111, 76.69551020408163, 77.22956916099773, 77.69396825396825, 78.11192743764173, 78.57632653061225, 79.04072562358277, 79.50512471655328, 79.99274376417233, 80.45714285714286, 80.92154195011338, 81.3859410430839, 81.85034013605443, 82.31473922902494, 82.73269841269841, 83.22031746031746, 83.73115646258503, 84.19555555555556, 84.61351473922902, 85.07791383219954, 85.54231292517007, 86.00671201814059, 86.47111111111111, 86.86585034013605, 87.33024943310657, 87.81786848072562, 88.28226757369615, 88.74666666666667, 89.2110657596372, 89.6754648526077, 90.09342403628118, 90.53460317460318, 90.97578231292518, 91.44018140589569, 91.88136054421769, 92.34575963718821, 92.78693877551021, 93.20489795918367, 93.62285714285714, 94.06403628117914, 94.52843537414967, 94.99283446712018, 95.48045351473922, 95.94485260770975, 96.40925170068027, 96.8736507936508, 97.36126984126984, 97.82566893424037, 98.29006802721088, 98.7544671201814, 99.24208616780045, 99.70648526077098, 100.1708843537415, 100.63528344671202, 101.05324263038548, 101.47120181405896, 101.88916099773243, 102.35356009070294, 102.84117913832199, 103.30557823129251, 103.76997732426304, 104.23437641723356, 104.69877551020409, 105.1631746031746, 105.65079365079364, 106.11519274376417, 106.57959183673469, 107.11365079365079, 107.67092970521541, 108.15854875283446, 108.62294784580499, 109.08734693877551, 109.62140589569161, 110.17868480725623, 110.66630385487528, 111.1307029478458, 111.52544217687075, 111.92018140589569, 112.38458049886621, 112.84897959183674, 113.33659863945579, 113.80099773242631, 114.2421768707483, 114.70657596371882, 115.19419501133787, 115.65859410430839, 116.14621315192744, 116.61061224489796, 117.12145124716554, 117.67873015873016, 118.16634920634921, 118.65396825396826, 119.11836734693877, 119.58276643990929, 120.04716553287982, 120.51156462585034, 120.97596371882086, 121.46358276643991, 121.92798185941044, 122.39238095238095, 122.88, 123.36761904761904, 123.83201814058957, 124.27319727891157, 124.73759637188209, 125.2019954648526, 125.66639455782312, 126.13079365079365, 126.6184126984127, 127.12925170068027, 127.57043083900227, 128.03482993197278, 128.4992290249433, 128.96362811791383, 129.42802721088435]}