{"tempo": 117.45383522727273, "beats": [7.035646258503402, 7.135646258503401, 7.616145124716553, 7.716145124716553, 8.126984126984127, 8.226984126984126, 8.614603174603175, 8.714603174603175, 8.714603174603175, 9.102222222222222, 9.202222222222222, 9.613061224489796, 9.713061224489795, 10.12390022675737, 10.223900226757369, 10.223900226757369, 10.634739229024943, 10.734739229024942, 10.734739229024942, 11.122358276643991, 11.222358276643991, 11.222358276643991, 11.633197278911565, 11.733197278911565, 12.120816326530612, 12.220816326530612, 12.631655328798185, 12.731655328798185, 13.119274376417234, 13.219274376417234, 13.630113378684808, 13.730113378684807, 13.730113378684807, 14.117732426303855, 14.217732426303854, 14.628571428571428, 14.728571428571428, 14.728571428571428, 15.116190476190477, 15.216190476190476, 15.62702947845805, 15.72702947845805, 16.137868480725622, 16.237868480725623, 16.62548752834467, 16.725487528344672, 17.136326530612244, 17.236326530612246, 17.236326530612246, 17.623945578231293, 17.723945578231294, 17.723945578231294, 18.11156462585034, 18.211564625850343, 18.211564625850343, 18.622403628117915, 18.722403628117917, 19.13324263038549, 19.23324263038549, 19.620861678004534, 19.720861678004535, 20.131700680272107, 20.23170068027211, 20.23170068027211, 20.619319727891156, 20.719319727891158, 20.719319727891158, 21.106938775510205, 21.206938775510206, 21.61777777777778, 21.71777777777778, 21.71777777777778, 22.128616780045352, 22.228616780045353, 22.6162358276644, 22.716235827664402, 23.103854875283446, 23.203854875283447, 23.203854875283447, 23.61469387755102, 23.71469387755102, 23.71469387755102, 24.125532879818593, 24.225532879818594, 24.61315192743764, 24.713151927437643, 24.713151927437643, 25.10077097505669, 25.20077097505669, 25.611609977324264, 25.711609977324265, 25.711609977324265, 26.122448979591837, 26.22244897959184, 26.63328798185941, 26.733287981859412, 27.12090702947846, 27.22090702947846, 27.22090702947846, 27.631746031746033, 27.731746031746034, 27.731746031746034, 28.11936507936508, 28.21936507936508, 28.21936507936508, 28.63020408163265, 28.730204081632653, 29.1178231292517, 29.217823129251702, 29.628662131519274, 29.728662131519275, 30.116281179138323, 30.216281179138324, 30.216281179138324, 30.627120181405896, 30.727120181405898, 30.727120181405898, 31.114739229024945, 31.214739229024946, 31.62557823129252, 31.72557823129252, 31.72557823129252, 32.13641723356009, 32.23641723356009, 32.62403628117914, 32.72403628117914, 33.13487528344671, 33.23487528344671, 33.62249433106576, 33.72249433106576, 34.11011337868481, 34.21011337868481, 34.62095238095238, 34.72095238095238, 35.131791383219955, 35.23179138321996, 35.23179138321996, 35.619410430839004, 35.719410430839005, 35.719410430839005, 36.13024943310658, 36.23024943310658, 36.23024943310658, 36.617868480725626, 36.71786848072563, 36.71786848072563, 37.10548752834467, 37.20548752834467, 37.61632653061225, 37.71632653061225, 37.71632653061225, 38.10394557823129, 38.20394557823129, 38.20394557823129, 38.61478458049886, 38.714784580498865, 38.714784580498865, 39.12562358276644, 39.22562358276644, 39.613242630385486, 39.71324263038549, 40.12408163265306, 40.22408163265306, 40.22408163265306, 40.61170068027211, 40.71170068027211, 41.05287981859411, 41.15287981859411, 41.56371882086168, 41.66371882086168, 42.05133786848072, 42.151337868480724, 42.60861678004535, 42.708616780045354, 43.119455782312926, 43.21945578231293, 43.6302947845805, 43.7302947845805, 43.7302947845805, 44.11791383219955, 44.21791383219955, 44.21791383219955, 44.62875283446712, 44.72875283446712, 44.72875283446712, 45.139591836734695, 45.2395918367347, 45.2395918367347, 45.627210884353744, 45.727210884353745, 46.13804988662132, 46.23804988662132, 46.23804988662132, 46.625668934240366, 46.72566893424037, 46.72566893424037, 47.13650793650794, 47.23650793650794, 47.62412698412698, 47.72412698412698, 48.134965986394555, 48.234965986394556, 48.6225850340136, 48.722585034013605, 48.722585034013605, 49.04054421768708, 49.14054421768708, 49.14054421768708, 49.55138321995465, 49.65138321995465, 49.65138321995465, 50.03900226757369, 50.139002267573694, 50.54984126984127, 50.64984126984127, 51.037460317460315, 51.13746031746032, 51.13746031746032, 51.54829931972789, 51.64829931972789, 51.64829931972789, 52.03591836734694, 52.13591836734694, 52.13591836734694, 52.47709750566894, 52.57709750566894, 52.91827664399093, 53.01827664399093, 53.01827664399093, 53.38267573696145, 53.482675736961454, 53.482675736961454, 53.8702947845805, 53.9702947845805, 54.381133786848075, 54.481133786848076, 54.481133786848076, 54.868752834467124, 54.968752834467125, 54.968752834467125, 55.356371882086165, 55.45637188208617, 55.45637188208617, 55.86721088435374, 55.96721088435374, 55.96721088435374, 56.35482993197279, 56.45482993197279, 56.86566893424036, 56.96566893424036, 57.35328798185941, 57.45328798185941, 57.86412698412698, 57.964126984126985, 57.964126984126985, 58.35174603174603, 58.45174603174603, 58.862585034013605, 58.96258503401361, 58.96258503401361, 59.37342403628118, 59.47342403628118, 59.47342403628118, 59.86104308390023, 59.96104308390023, 60.3718820861678, 60.4718820861678, 60.4718820861678, 60.85950113378685, 60.95950113378685, 60.95950113378685, 61.37034013605442, 61.470340136054425, 61.470340136054425, 61.85795918367347, 61.95795918367347, 61.95795918367347, 62.368798185941046, 62.46879818594105, 62.46879818594105, 62.85641723356009, 62.95641723356009, 62.95641723356009, 63.36725623582767, 63.46725623582767, 63.46725623582767, 63.85487528344671, 63.95487528344671, 64.36571428571429, 64.46571428571428, 64.87655328798186, 64.97655328798186, 65.36417233560091, 65.4641723356009, 65.4641723356009, 65.87501133786849, 65.97501133786848, 65.97501133786848, 66.36263038548753, 66.46263038548753, 66.46263038548753, 66.87346938775511, 66.9734693877551, 66.9734693877551, 67.36108843537414, 67.46108843537414, 67.87192743764173, 67.97192743764172, 67.97192743764172, 68.35954648526076, 68.45954648526076, 68.87038548752834, 68.97038548752833, 69.38122448979591, 69.4812244897959, 69.4812244897959, 69.86884353741496, 69.96884353741495, 70.37968253968253, 70.47968253968253, 70.89052154195011, 70.9905215419501, 70.9905215419501, 71.37814058956916, 71.47814058956915, 71.47814058956915, 71.8657596371882, 71.9657596371882, 71.9657596371882, 72.37659863945578, 72.47659863945577, 72.86421768707483, 72.96421768707482, 73.3750566893424, 73.4750566893424, 73.4750566893424, 73.88589569160997, 73.98589569160997, 74.37351473922902, 74.47351473922902, 74.47351473922902, 74.8843537414966, 74.98435374149659, 74.98435374149659, 75.37197278911565, 75.47197278911564, 75.88281179138322, 75.98281179138321, 76.37043083900227, 76.47043083900226, 76.47043083900226, 76.88126984126984, 76.98126984126984, 76.98126984126984, 77.36888888888889, 77.46888888888888, 77.87972789115646, 77.97972789115646, 78.36734693877551, 78.4673469387755, 78.4673469387755, 78.87818594104309, 78.97818594104308, 78.97818594104308, 79.36580498866213, 79.46580498866213, 79.46580498866213, 79.87664399092971, 79.9766439909297, 80.36426303854876, 80.46426303854875, 80.87510204081633, 80.97510204081632, 81.36272108843538, 81.46272108843537, 81.46272108843537, 81.87356009070295, 81.97356009070295, 82.38439909297053, 82.48439909297052, 82.87201814058957, 82.97201814058957, 83.38285714285715, 83.48285714285714, 83.8704761904762, 83.97047619047619, 83.97047619047619, 84.38131519274377, 84.48131519274376, 84.86893424036282, 84.96893424036281, 84.96893424036281, 85.37977324263039, 85.47977324263039, 85.86739229024943, 85.96739229024942, 85.96739229024942, 86.378231292517, 86.478231292517, 86.478231292517, 86.88907029478457, 86.98907029478457, 87.37668934240362, 87.47668934240362, 87.86430839002267, 87.96430839002267, 88.37514739229024, 88.47514739229024, 88.8627664399093, 88.96276643990929, 88.96276643990929, 89.37360544217687, 89.47360544217686, 89.86122448979592, 89.96122448979591, 