{"tempo": 161.4990234375, "beats": [0.3250793650793651, 0.7198185941043084, 1.1377777777777778, 1.5325170068027212, 1.9040362811791383, 2.2987755102040817, 2.693514739229025, 3.0418140589569163, 3.3901133786848074, 3.7616326530612243, 4.1099319727891155, 4.481451247165533, 4.85297052154195, 5.201269841269841, 5.5495691609977325, 5.897868480725624, 6.246167800453515, 6.594467120181406, 6.942766439909297, 7.291065759637188, 7.662585034013605, 8.010884353741497, 8.359183673469389, 8.730702947845804, 9.102222222222222, 9.47374149659864, 9.845260770975056, 10.216780045351474, 10.588299319727891, 10.95981859410431, 11.331337868480725, 11.72607709750567, 12.120816326530612, 12.515555555555556, 12.910294784580499, 13.281814058956916, 13.676553287981859, 14.071292517006803, 14.466031746031746, 14.837551020408164, 15.232290249433106, 15.603809523809524, 15.998548752834466, 16.39328798185941, 16.788027210884355, 17.159546485260773, 17.554285714285715, 17.949024943310658, 18.320544217687075, 18.715283446712018, 19.11002267573696, 19.504761904761907, 19.87628117913832, 20.271020408163267, 20.64253968253968, 21.037278911564627, 21.43201814058957, 21.803537414965987, 22.19827664399093, 22.593015873015872, 22.96453514739229, 23.359274376417233, 23.754013605442175, 24.14875283446712, 24.52027210884354, 24.91501133786848, 25.2865306122449, 25.658049886621317, 26.05278911564626, 26.447528344671202, 26.842267573696144, 27.213786848072562, 27.58530612244898, 27.956825396825398, 28.35156462585034, 28.723083900226758, 29.094603174603176, 29.512562358276643, 29.90730158730159, 30.278820861678003, 30.67356009070295, 31.068299319727892, 31.463038548752834, 31.857777777777777, 32.229297052154195, 32.60081632653061, 32.995555555555555, 33.3902947845805, 33.78503401360544, 34.15655328798186, 34.5512925170068, 34.92281179138322, 35.31755102040816, 35.735510204081635, 36.10702947845805, 36.501768707482995, 36.87328798185941, 37.268027210884355, 37.6627664399093, 38.034285714285716, 38.40580498866213, 38.800544217687076, 39.19528344671202, 39.59002267573696, 39.96154195011338, 40.35628117913832, 40.751020408163264, 41.145759637188206, 41.517278911564624, 41.912018140589566, 42.283537414965984, 42.6550566893424, 43.049795918367344, 43.44453514739229, 43.83927437641724, 44.23401360544218, 44.6055328798186, 45.00027210884354, 45.39501133786848, 45.7665306122449, 46.16126984126984, 46.556009070294785, 46.9275283446712, 47.29904761904762, 47.71700680272109, 48.088526077097505, 48.4368253968254, 48.78512471655329, 49.08698412698413, 49.458503401360545, 49.83002267573696, 50.20154195011338, 50.5730612244898, 50.944580498866216, 51.316099773242634, 51.687619047619044, 52.05913832199546, 52.43065759637188, 52.8021768707483, 53.15047619047619, 53.52199546485261, 53.893514739229026, 54.265034013605444, 54.61333333333334, 54.98485260770975, 55.356371882086165, 55.72789115646258, 56.099410430839, 56.47092970521542, 56.842448979591836, 57.213968253968254, 57.58548752834467, 57.95700680272109, 58.35174603174603, 58.7697052154195, 59.14122448979592, 59.512743764172335, 59.90748299319728, 60.30222222222222, 60.69696145124716, 61.06848072562358, 61.486439909297054, 61.881179138322, 62.252698412698415, 62.6009977324263, 62.97251700680272, 63.32081632653061, 63.69233560090703, 64.04063492063491, 64.41215419501134, 64.78367346938775, 65.15519274376418, 65.50349206349206, 65.85179138321996, 66.22331065759637, 66.59482993197278, 66.96634920634921, 67.33786848072562, 67.68616780045352, 68.05768707482993, 68.42920634920635, 68.80072562358276, 69.14902494331066, 69.49732426303855, 69.86884353741496, 70.24036281179139, 70.6118820861678, 70.98340136054422, 71.35492063492063, 71.72643990929706, 72.09795918367347, 72.46947845804989, 72.8409977324263, 73.23573696145125, 73.60725623582766, 74.00199546485261, 74.39673469387755, 74.76825396825397, 75.13977324263038, 75.51129251700681, 75.88281179138322, 76.25433106575964, 76.62585034013605, 77.020589569161, 77.41532879818594, 77.83328798185941, 78.22802721088435, 78.6227664399093, 78.99428571428571, 79.34258503401361, 79.6908843537415, 80.06240362811792, 80.43392290249433, 80.82866213151928, 81.20018140589569, 81.59492063492064, 81.98965986394558, 82.38439909297053, 82.77913832199546, 83.15065759637189, 83.5221768707483, 83.8704761904762, 84.24199546485261, 84.61351473922902, 84.96181405895692, 85.3101133786848, 85.68163265306123, 86.02993197278911, 86.40145124716554, 86.77297052154195, 87.14448979591836, 87.51600907029479, 87.8875283446712, 88.2358276643991, 88.6073469387755, 88.9556462585034, 89.32716553287982, 89.69868480725624, 90.07020408163265, 90.41850340136054, 90.79002267573696, 91.16154195011337, 91.5330612244898, 91.90458049886621, 92.25287981859411, 92.601179138322, 92.9726984126984, 93.34421768707483, 93.69251700680272, 94.06403628117914, 94.41233560090703, 94.78385487528345, 95.15537414965986, 95.50367346938775, 95.87519274376417, 96.24671201814058, 96.59501133786848, 96.9665306122449, 97.3148299319728, 97.6863492063492, 98.05786848072562, 98.42938775510204, 98.77768707482993, 99.14920634920635, 99.49750566893424, 99.86902494331066, 100.21732426303855, 100.56562358276643, 100.93714285714286, 101.30866213151927, 101.6801814058957, 102.0517006802721, 102.42321995464853, 102.79473922902494, 103.16625850340137, 103.51455782312925, 103.88607709750566, 104.25759637188209, 104.60589569160997, 104.95419501133787, 105.32571428571428, 105.69723356009071, 106.06875283446712, 106.417052154195, 106.78857142857143, 107.13687074829932, 107.50839002267574, 107.87990929705215, 108.25142857142858, 108.59972789115646, 108.97124716553287, 109.31954648526077, 109.69106575963718, 110.06258503401361, 110.43410430839002, 110.78240362811792, 111.15392290249433, 111.52544217687075, 111.87374149659864, 112.24526077097505, 112.61678004535148, 112.96507936507936, 113.33659863945579, 113.7081179138322, 114.07963718820862, 114.42793650793651, 114.79945578231292, 115.14775510204082, 115.51927437641723, 115.86757369614513, 116.23909297052154, 116.61061224489796, 116.98213151927438, 117.33043083900226, 117.70195011337869, 118.05024943310657, 118.421768707483, 118.79328798185941, 119.14158730158731, 119.51310657596372, 119.88462585034014, 120.23292517006803, 120.60444444444444, 120.97596371882086, 121.34748299319727, 121.69578231292518, 122.06730158730159, 122.41560090702947, 122.7871201814059, 123.1586394557823, 123.5069387755102, 123.87845804988662, 124.24997732426304, 124.59827664399093, 124.96979591836735, 125.31809523809524, 125.68961451247165, 126.06113378684807, 126.40943310657596, 126.78095238095239, 127.1524716553288, 127.52399092970522, 127.89551020408163, 128.26702947845806, 128.63854875283448, 128.98684807256237, 129.33514739229025, 129.70666666666668, 130.05496598639456, 130.40326530612245, 130.77478458049887, 131.14630385487527, 131.5178231292517, 131.86612244897958, 132.237641723356, 132.60916099773243, 132.95746031746032, 133.32897959183674, 133.67727891156463, 134.002358276644, 134.3738775510204, 134.76861678004536, 135.1633560090703, 135.53487528344672, 135.92961451247166, 136.30113378684808, 136.64943310657597, 136.99773242630386, 137.34603174603174, 137.69433106575963, 138.04263038548754, 138.41414965986394, 138.78566893424036, 139.1571882086168, 139.50548752834467, 139.8770068027211, 140.2485260770975, 140.62004535147392, 140.9683446712018, 141.3166439909297, 141.68816326530612, 142.05968253968254, 142.43120181405897, 142.80272108843536, 143.1742403628118, 143.5457596371882, 143.94049886621315, 144.31201814058957, 144.7067573696145, 145.10149659863944, 145.4962358276644, 145.8677551020408, 146.23927437641723, 146.61079365079365, 146.98231292517008, 147.35383219954647, 147.7021315192744, 148.07365079365078, 148.42195011337867, 148.77024943310659, 149.11854875283447, 149.46684807256236, 149.81514739229024, 150.16344671201813, 150.53496598639455, 150.90648526077098, 151.2780045351474, 151.6495238095238, 152.04426303854876, 152.41578231292516, 152.78730158730158, 