{"tempo": 99.38401442307692, "beats": [0.11609977324263039, 0.6965986394557823, 1.3003174603174603, 1.9040362811791383, 2.507755102040816, 3.111473922902494, 3.6919727891156464, 4.272471655328798, 4.876190476190477, 5.479909297052155, 6.0836281179138325, 6.6873469387755105, 7.291065759637188, 7.894784580498866, 8.475283446712018, 9.05578231292517, 9.659501133786849, 10.263219954648527, 10.866938775510205, 11.470657596371883, 12.07437641723356, 12.678095238095239, 13.25859410430839, 13.862312925170068, 14.466031746031746, 15.046530612244897, 15.650249433106575, 16.253968253968253, 16.857687074829933, 17.46140589569161, 18.04190476190476, 18.64562358276644, 19.249342403628116, 19.82984126984127, 20.433560090702947, 21.037278911564627, 21.61777777777778, 22.221496598639455, 22.825215419501134, 23.42893424036281, 24.03265306122449, 24.61315192743764, 25.21687074829932, 25.820589569160997, 26.40108843537415, 27.00480725623583, 27.608526077097505, 28.212244897959184, 28.76952380952381, 29.373242630385487, 30.00018140589569, 30.603900226757368, 31.161179138321994, 31.7881179138322, 32.391836734693875, 32.995555555555555, 33.599274376417235, 34.202993197278914, 34.92281179138322, 35.59619047619048, 36.26956916099773, 36.85006802721088, 37.45378684807256, 38.080725623582765, 38.66122448979592, 39.2649433106576, 39.84544217687075, 40.47238095238095, 41.07609977324263, 41.65659863945578, 42.237097505668935, 42.86403628117914, 43.44453514739229, 44.04825396825397, 44.62875283446712, 45.255691609977326, 45.92907029478458, 46.57922902494331, 47.22938775510204, 47.925986394557825, 48.529705215419504, 49.11020408163265, 49.71392290249433, 50.31764172335601, 50.921360544217684, 51.50185941043084, 52.10557823129252, 52.70929705215419, 53.31301587301587, 53.893514739229026, 54.497233560090706, 55.10095238095238, 55.70467120181406, 56.28517006802721, 56.888888888888886, 57.492607709750565, 58.07310657596372, 58.6768253968254, 59.28054421768707, 59.88426303854875, 60.46476190476191, 61.06848072562358, 61.67219954648526, 62.27591836734694, 62.87963718820862, 63.46013605442177, 64.06385487528345, 64.66757369614513, 65.2712925170068, 65.87501133786849, 66.50195011337868, 67.0592290249433, 67.63972789115647, 68.24344671201814, 68.84716553287981, 69.42766439909298, 70.03138321995465, 70.63510204081632, 71.23882086167801, 71.81931972789116, 72.42303854875283, 73.02675736961451, 73.63047619047619, 74.21097505668934, 74.81469387755102, 75.4184126984127, 76.02213151927438, 76.60263038548753, 77.2063492063492, 77.81006802721089, 78.41378684807256, 78.99428571428571, 79.5980045351474, 80.20172335600907, 80.80544217687074, 81.3859410430839, 81.98965986394558, 82.59337868480726, 83.19709750566894, 83.77759637188208, 84.38131519274377, 84.98503401360544, 85.56553287981859, 86.12281179138321, 86.74975056689343, 87.3534693877551, 87.95718820861678, 88.56090702947846, 89.16462585034013, 89.72190476190477, 90.34884353741496, 90.95256235827664, 91.55628117913832, 92.16, 92.74049886621316, 93.34421768707483, 93.92471655328798, 94.52843537414967, 95.10893424036281, 95.71265306122449, 96.29315192743765, 96.92009070294785, 97.52380952380952, 98.10430839002268, 98.70802721088435, 99.31174603174603, 99.91546485260771, 100.49596371882086, 101.12290249433107, 101.70340136054422, 102.30712018140589, 102.91083900226758, 103.51455782312925, 104.0950566893424, 104.69877551020409, 105.30249433106576, 105.8829931972789, 106.4867120181406, 107.09043083900227, 107.67092970521541, 108.2746485260771, 108.87836734693877, 109.48208616780046, 110.08580498866213, 110.66630385487528, 111.27002267573697, 111.87374149659864, 112.47746031746031, 113.081179138322, 113.66167800453515, 114.26539682539682, 114.8691156462585, 115.44961451247165, 116.05333333333333, 116.65705215419501, 117.26077097505669, 117.84126984126983, 118.421768707483, 119.0487074829932, 119.65242630385488, 120.25614512471655, 120.8366439909297, 121.46358276643991, 122.04408163265306, 122.64780045351473, 123.25151927437642, 123.8552380952381, 124.41251700680272, 125.0162358276644, 125.61995464852608, 126.22367346938775, 126.80417233560091, 127.40789115646258, 128.01160997732427, 128.61532879818594, 129.1958276643991, 129.79954648526078, 130.40326530612245, 131.00698412698412, 131.58748299319728, 132.19120181405896, 132.79492063492063, 133.3986394557823, 133.97913832199546, 134.58285714285714, 135.1865759637188, 135.76707482993197, 136.37079365079364, 136.97451247165532, 137.55501133786848, 138.15873015873015, 138.76244897959182, 139.34294784580499, 139.94666666666666, 140.55038548752833, 141.15410430839003, 141.7578231292517, 142.33832199546487, 142.96526077097505, 143.6154195011338, 144.26557823129252, 144.93895691609978, 145.56589569160997, 146.16961451247167, 146.8429931972789, 147.4699319727891, 148.05043083900227, 148.6309297052154, 149.2346485260771, 149.79192743764173, 150.41886621315192, 151.02258503401362, 151.6263038548753, 152.20680272108842, 152.83374149659863, 153.4142403628118, 154.01795918367347, 154.62167800453514, 155.2021768707483, 155.80589569160998, 156.38639455782314, 156.96689342403627, 157.57061224489797, 158.19755102040816, 158.80126984126983, 159.35854875283448, 159.98548752834466, 160.58920634920634, 161.12326530612245, 161.75020408163266, 162.3307029478458, 162.957641723356, 163.56136054421768, 164.16507936507938, 164.76879818594105, 165.37251700680272, 165.9530158730159, 166.55673469387756, 167.1372335600907, 167.69451247165532, 168.32145124716553, 168.9251700680272, 169.5521088435374, 170.15582766439908, 170.73632653061225, 171.3168253968254, 171.92054421768708, 172.52426303854875, 173.10476190476192, 173.638820861678, 174.28897959183672, 174.91591836734693, 175.5196371882086, 176.1233560090703, 176.72707482993198, 177.2843537414966, 177.8184126984127, 178.32925170068026, 178.86331065759637, 179.39736961451248, 180.00108843537416, 180.5815873015873, 181.2085260770975, 181.78902494331066, 182.39274376417234, 182.9732426303855, 183.57696145124717, 184.18068027210884, 184.78439909297052, 185.36489795918368, 185.96861678004535, 186.57233560090702, 187.1760544217687, 187.75655328798186, 188.36027210884353, 188.9639909297052, 189.5677097505669, 190.14820861678004, 190.7519274376417, 191.3556462585034, 191.93614512471655, 192.53986394557822, 193.14358276643992, 193.7473015873016, 194.35102040816327, 194.93151927437643, 195.5352380952381, 196.13895691609977, 196.71945578231293, 197.3231746031746, 197.92689342403628, 198.53061224489795, 199.13433106575962, 199.7148299319728, 200.31854875283446]}