{"tempo": 117.45383522727273, "beats": [65.31773242630385, 65.82857142857142, 66.36263038548753, 66.89668934240363, 67.4075283446712, 67.91836734693878, 68.42920634920635, 68.94004535147393, 69.4508843537415, 69.96172335600907, 70.47256235827665, 70.98340136054422, 71.4942403628118, 72.00507936507937, 72.51591836734694, 73.02675736961451, 73.51437641723356, 74.04843537414966, 74.55927437641724, 75.07011337868481, 75.58095238095238, 76.11501133786848, 76.60263038548753, 77.13668934240363, 77.6475283446712, 78.15836734693877, 78.66920634920635, 79.18004535147392, 79.71410430839002, 80.24816326530612, 80.75900226757369, 81.24662131519274, 81.68780045351474, 82.19863945578231, 82.80235827664399, 83.33641723356008, 83.91691609977325, 84.45097505668934, 84.96181405895692, 85.47265306122449, 85.96027210884354, 86.49433106575964, 87.00517006802721, 87.51600907029479, 88.02684807256236, 88.56090702947846, 89.0485260770975, 89.55936507936508, 90.07020408163265, 90.5578231292517, 91.0918820861678, 91.60272108843537, 92.13678004535147, 92.64761904761905, 93.18167800453514, 93.71573696145124, 94.24979591836734, 94.76063492063491, 95.2714739229025, 95.78231292517007, 96.31637188208617, 96.82721088435375, 97.36126984126984, 97.8488888888889, 98.35972789115647, 98.87056689342404, 99.38140589569161, 99.89224489795919, 100.40308390022676, 100.93714285714286, 101.42476190476191, 101.958820861678, 102.46965986394558, 102.98049886621315, 103.49133786848073, 103.97895691609978, 104.51301587301587, 105.04707482993197, 105.58113378684807, 106.09197278911564, 106.57959183673469, 107.13687074829932, 107.64770975056689, 108.18176870748299, 108.69260770975056, 109.22666666666667, 109.76072562358277, 110.27156462585035, 110.78240362811792, 111.27002267573697, 111.80408163265307, 112.33814058956916, 112.87219954648526, 113.38303854875284, 113.89387755102041, 114.40471655328798, 114.91555555555556, 115.44961451247165, 115.96045351473923, 116.4712925170068, 117.0053514739229, 117.51619047619047, 118.02702947845805, 118.53786848072562, 119.02548752834467, 119.55954648526077, 120.07038548752834, 120.58122448979591, 121.09206349206349, 121.60290249433106, 122.13696145124716, 122.64780045351473, 123.18185941043085, 123.69269841269842, 124.203537414966, 124.69115646258503, 125.22521541950114, 125.71283446712017, 126.20045351473922, 126.75773242630386, 127.33823129251701, 127.82585034013606, 128.33668934240362, 128.87074829931973, 129.3815873015873, 129.89242630385488, 130.40326530612245, 130.93732426303856, 131.44816326530614, 131.9590022675737, 132.46984126984128, 132.98068027210886, 133.49151927437643, 134.0255782312925, 134.5364172335601, 135.0704761904762, 135.58131519274377, 136.11537414965986, 136.62621315192743, 137.1138321995465, 137.64789115646258, 138.15873015873015, 138.69278911564626, 139.2500680272109, 139.76090702947846, 140.27174603174603, 140.75936507936507, 141.27020408163264, 141.78104308390022, 142.31510204081633, 142.80272108843536, 143.33678004535147, 143.84761904761905, 144.35845804988662, 144.84607709750566, 145.35691609977323, 145.89097505668934, 146.40181405895692, 146.93587301587303, 147.4467120181406, 147.93433106575964, 148.46839002267575, 148.97922902494332, 149.5132879818594, 150.02412698412698, 150.5581859410431, 151.06902494331067, 151.57986394557824, 152.0907029478458, 152.6015419501134, 153.11238095238096, 153.64643990929704, 154.15727891156462, 154.69133786848073, 155.2253968253968, 155.7362358276644, 156.24707482993196, 156.75791383219953, 157.2687528344671, 157.80281179138322, 158.26721088435374, 158.82448979591837, 159.33532879818594, 159.77650793650793, 160.31056689342404, 160.86784580498866, 161.37868480725623, 161.8895238095238, 162.42358276643992, 162.957641723356, 163.44526077097507, 163.97931972789115, 164.46693877551022, 164.9777777777778, 165.48861678004536, 166.02267573696145, 166.53351473922902, 167.06757369614513, 167.55519274376417, 168.08925170068028, 168.5768707482993, 169.11092970521543, 169.621768707483, 170.15582766439908, 170.66666666666666, 171.17750566893423, 171.6883446712018, 172.19918367346938, 172.71002267573695, 173.24408163265306, 173.75492063492064, 174.21931972789116, 174.75337868480725, 175.28743764172336, 175.82149659863944, 176.35555555555555, 176.84317460317462, 177.3540136054422, 177.86485260770976, 178.3524716553288, 178.8865306122449, 179.39736961451248, 179.93142857142857, 180.46548752834468, 180.95310657596372, 181.48716553287983, 181.9980045351474, 182.50884353741498, 183.04290249433106, 183.55374149659863, 184.08780045351475, 184.62185941043083, 185.1326984126984, 185.66675736961452, 186.1775963718821, 186.68843537414966, 187.19927437641724, 187.73333333333332, 188.22095238095238, 188.73179138321996, 189.26585034013604, 189.79990929705215, 190.33396825396827, 190.84480725623584, 191.3556462585034, 191.8897052154195, 192.40054421768707, 192.93460317460318, 193.46866213151927, 194.00272108843538, 194.53678004535146, 195.02439909297053, 195.5584580498866, 196.06929705215418, 196.58013605442176, 197.09097505668933, 197.6018140589569, 198.11265306122448, 198.62349206349205, 199.13433106575962, 199.66839002267574, 200.1792290249433, 200.69006802721088, 201.224126984127, 201.73496598639457, 202.2225850340136, 202.75664399092972, 203.2674829931973, 203.77832199546486, 204.2659410430839, 204.77678004535147, 205.28761904761905, 205.79845804988662, 206.3092970521542, 206.8433560090703, 207.35419501133788, 207.88825396825396, 208.37587301587303, 208.8867120181406, 209.39755102040817, 209.93160997732426, 210.44244897959183, 210.97650793650794, 211.51056689342403, 212.0214058956916, 212.53224489795917, 213.04308390022675, 213.57714285714286, 214.08798185941043, 214.57560090702947, 215.10965986394558, 215.62049886621315, 216.13133786848073, 216.6421768707483, 217.17623582766439, 217.68707482993196, 218.22113378684807, 218.75519274376418, 219.3124716553288, 219.80009070294784, 220.31092970521541, 220.821768707483, 221.3558276643991, 221.86666666666667, 222.40072562358276, 222.91156462585033, 223.44562358276644, 223.93324263038548, 224.44408163265305, 224.95492063492063, 225.4425396825397, 225.97659863945577, 226.48743764172335, 226.99827664399092, 227.53233560090703, 228.01995464852607, 228.53079365079364, 229.0416326530612, 229.52925170068028, 230.06331065759636, 230.57414965986393, 231.10820861678005, 231.61904761904762, 232.15310657596373, 232.6639455782313, 233.17478458049888, 233.70884353741496, 234.19646258503403, 234.7305215419501, 235.26458049886622, 235.7986394557823, 236.33269841269842, 236.8667573696145, 237.37759637188208, 237.88843537414965, 238.39927437641722, 238.9101133786848, 239.39773242630386, 239.93179138321995, 240.44263038548752, 240.9534693877551, 241.44108843537416, 241.95192743764173, 242.4859863945578, 242.9968253968254, 243.50766439909296, 244.04172335600907, 244.55256235827665, 245.08662131519273, 245.5974603174603, 246.1082993197279, 246.61913832199548, 247.15319727891156, 247.66403628117914, 248.1748752834467, 248.68571428571428, 249.2197732426304, 249.73061224489797, 250.26467120181405, 250.77551020408163, 251.30956916099774, 251.8204081632653, 252.3312471655329, 252.84208616780046, 253.37614512471654, 253.88698412698412, 254.3978231292517, 254.9318820861678, 255.4659410430839, 255.95356009070295, 256.4179591836735, 256.9984580498866, 257.5325170068027, 258.0433560090703, 258.55419501133787, 259.088253968254, 259.59909297052155, 260.1099319727891, 260.59755102040816, 261.1316099773243, 261.64244897959185, 262.17650793650796, 262.68734693877553, 263.1981859410431]}