{"tempo": 78.30255681818181, "beats": [0.16253968253968254, 0.9520181405895691, 1.6253968253968254, 2.461315192743764, 3.274013605442177, 4.063492063492063, 4.783310657596372, 5.572789115646258, 6.315827664399093, 7.1053061224489795, 7.894784580498866, 8.6378231292517, 9.427301587301587, 10.193560090702947, 10.936598639455783, 11.749297052154194, 12.515555555555556, 13.281814058956916, 14.048072562358277, 14.837551020408164, 15.603809523809524, 16.370068027210884, 17.182766439909297, 17.925804988662133, 18.715283446712018, 19.481541950113378, 20.271020408163267, 21.037278911564627, 21.803537414965987, 22.569795918367348, 23.336054421768708, 24.125532879818593, 24.891791383219953, 25.68126984126984, 26.424308390022677, 27.213786848072562, 28.003265306122447, 28.76952380952381, 29.53578231292517, 30.30204081632653, 31.091519274376417, 31.857777777777777, 32.64725623582766, 33.436734693877554, 34.17977324263038, 34.969251700680275, 35.735510204081635, 36.501768707482995, 37.29124716553288, 38.05750566893424, 38.846984126984125, 39.613242630385486, 40.379501133786846, 41.145759637188206, 41.88879818594104, 42.6550566893424, 43.46775510204082, 44.257233560090704, 45.069931972789114, 45.836190476190474, 46.57922902494331, 47.34548752834467, 48.15818594104309, 48.901224489795915, 49.69070294784581, 50.45696145124717, 51.22321995464853, 51.98947845804989, 52.77895691609977, 53.54521541950113, 54.28825396825397, 55.10095238095238, 55.86721088435374, 56.65668934240363, 57.42294784580499, 58.18920634920635, 58.95546485260771, 59.7449433106576, 60.48798185941043, 61.27746031746032, 62.0669387755102, 62.83319727891156, 63.59945578231292, 64.38893424036281, 65.15519274376418, 65.92145124716554, 66.71092970521542, 67.47718820861678, 68.24344671201814, 69.0097052154195, 69.79918367346939, 70.56544217687075, 71.35492063492063, 72.12117913832199, 72.88743764172335, 73.67691609977324, 74.4431746031746, 75.20943310657596, 75.97569160997732, 76.76517006802722, 77.53142857142858, 78.32090702947846, 79.13360544217687, 79.92308390022676]}