{"tempo": 161.4990234375, "beats": [1.6253968253968254, 2.020136054421769, 2.36843537414966, 2.7399546485260773, 3.111473922902494, 3.4829931972789114, 3.8312925170068026, 4.20281179138322, 4.574331065759637, 4.9458503401360545, 5.317369614512471, 5.688888888888889, 6.03718820861678, 6.408707482993197, 6.757006802721088, 7.151746031746032, 7.523265306122449, 7.894784580498866, 8.243083900226758, 8.614603174603175, 8.986122448979591, 9.380861678004536, 9.729160997732427, 10.100680272108843, 10.47219954648526, 10.820498866213152, 11.19201814058957, 11.54031746031746, 11.911836734693878, 12.283356009070294, 12.654875283446712, 13.02639455782313, 13.397913832199546, 13.769433106575963, 14.117732426303855, 14.489251700680272, 14.86077097505669, 15.27873015873016, 15.603809523809524, 15.975328798185942, 16.32362811791383, 16.718367346938777, 17.08988662131519, 17.46140589569161, 17.832925170068027, 18.18122448979592, 18.552743764172334, 18.92426303854875, 19.272562358276645, 19.620861678004534, 20.01560090702948, 20.387120181405894, 20.758639455782312, 21.13015873015873, 21.501678004535147, 21.849977324263037, 22.221496598639455, 22.6162358276644, 22.987755102040815, 23.359274376417233, 23.707573696145126, 24.079092970521543, 24.427392290249433, 24.775691609977326, 25.14721088435374, 25.56517006802721, 25.890249433106575, 26.261768707482993, 26.656507936507936, 27.00480725623583, 27.353106575963718, 27.724625850340136, 28.0497052154195, 28.46766439909297, 28.83918367346939, 29.18748299319728, 29.559002267573696, 29.930521541950114, 30.30204081632653, 30.65034013605442, 31.045079365079363, 31.393378684807256, 31.764897959183674, 32.13641723356009, 32.507936507936506, 32.8562358276644, 33.25097505668934, 33.599274376417235, 33.97079365079365, 34.34231292517007, 34.71383219954649, 35.062131519274374, 35.456870748299316, 35.80517006802721, 36.17668934240363, 36.548208616780045, 36.94294784580499, 37.29124716553288, 37.6627664399093, 38.034285714285716, 38.40580498866213, 38.75410430839002, 39.12562358276644, 39.47392290249433, 39.84544217687075, 40.216961451247165, 40.56526077097506, 40.936780045351476, 41.308299319727894, 41.67981859410431, 42.05133786848072, 42.44607709750567, 42.79437641723356, 43.165895691609975, 43.53741496598639, 43.90893424036281, 44.28045351473923, 44.651972789115646, 45.023492063492064, 45.37179138321996, 45.743310657596375, 46.11482993197279, 46.4863492063492, 46.85786848072562, 47.22938775510204, 47.600907029478456, 47.94920634920635, 48.32072562358277, 48.66902494331066, 49.04054421768708, 49.412063492063496, 49.783582766439906, 50.155102040816324, 50.52662131519274, 50.89814058956916, 51.24643990929705, 51.61795918367347, 51.96625850340136, 52.33777777777778, 52.68607709750567, 53.08081632653061, 53.45233560090703, 53.823854875283445, 54.19537414965986, 54.590113378684805, 54.96163265306122, 55.309931972789116, 55.65823129251701, 56.029750566893426, 56.401269841269844, 56.77278911564626, 57.12108843537415, 57.492607709750565, 57.86412698412698, 58.212426303854876, 58.583945578231294, 58.95546485260771, 59.32698412698413, 59.69850340136055, 60.070022675736965, 60.41832199546485, 60.78984126984127, 61.13814058956916, 61.532879818594104, 61.90439909297052, 62.252698412698415, 62.62421768707483, 62.99573696145125, 63.39047619047619, 63.76199546485261, 64.13351473922903, 64.48181405895691, 64.83011337868481, 65.20163265306122, 65.54993197278911, 65.92145124716554, 66.26975056689342, 66.64126984126985, 66.98956916099773, 67.38430839002268, 67.75582766439909, 68.12734693877552, 68.49886621315193, 68.87038548752834, 69.24190476190476, 69.61342403628117, 69.96172335600907, 70.33324263038548, 70.72798185941043, 71.07628117913832, 71.44780045351474, 71.79609977324263, 72.16761904761904, 72.51591836734694, 72.88743764172335, 73.25895691609978, 73.63047619047619, 74.00199546485261, 74.37351473922902, 74.74503401360545, 75.11655328798186, 75.48807256235828, 75.8595918367347, 76.20789115646258, 76.60263038548753, 76.97414965986394, 77.32244897959184, 77.69396825396825, 78.04226757369615, 78.43700680272109, 78.78530612244899, 79.13360544217687, 79.52834467120181, 79.87664399092971, 80.24816326530612, 80.61968253968254, 80.99120181405895, 81.36272108843538, 81.73424036281179, 82.08253968253969, 82.47727891156462, 82.84879818594105, 83.22031746031746, 83.56861678004535, 83.94013605442177, 84.31165532879818, 84.6831746031746, 85.03147392290249, 85.42621315192744, 85.77451247165533, 86.14603174603175, 86.49433106575964, 86.86585034013605, 87.260589569161, 87.63210884353741, 87.98040816326531, 88.35192743764172, 88.72344671201814, 89.09496598639456, 89.46648526077098, 89.83800453514739, 90.18630385487528, 90.5578231292517, 90.92934240362811, 91.30086167800454, 91.64916099773242, 92.04390022675737, 92.39219954648526, 92.76371882086168, 93.1352380952381, 93.50675736961452, 93.8550566893424, 94.20335600907029, 94.57487528344672, 94.94639455782313, 95.31791383219955, 95.68943310657596, 96.08417233560091, 96.4324716553288, 96.78077097505668, 97.15229024943311, 97.52380952380952, 97.87210884353742, 98.24362811791383, 98.61514739229025, 99.00988662131519, 99.35818594104309, 99.7297052154195, 100.10122448979592, 100.47274376417234, 100.84426303854875, 101.21578231292517, 101.58730158730158, 101.93560090702948, 102.33034013605442, 102.70185941043084, 103.05015873015873, 103.42167800453515, 103.81641723356009, 104.16471655328799, 104.5362358276644, 104.90775510204081, 105.27927437641723, 105.62757369614512, 105.97587301587302, 106.34739229024943, 106.71891156462586, 107.09043083900227, 107.46195011337869, 107.8334693877551, 108.20498866213151, 108.57650793650794, 108.94802721088435, 109.31954648526077, 109.66784580498866, 110.03936507936508, 110.4108843537415, 110.78240362811792, 111.15392290249433, 111.50222222222222, 111.87374149659864, 112.22204081632653, 112.59356009070295, 112.94185941043084, 113.29015873015874, 113.66167800453515, 114.0564172335601, 114.42793650793651, 114.79945578231292, 115.17097505668934, 115.54249433106575, 115.89079365079365, 116.26231292517006, 116.65705215419501, 117.0053514739229, 117.37687074829932, 117.74839002267574, 118.09668934240362, 118.46820861678005, 118.83972789115646, 119.21124716553288, 119.60598639455782, 119.97750566893424, 120.34902494331065, 120.72054421768708, 121.09206349206349, 121.44036281179139, 121.78866213151927, 122.16018140589568, 122.55492063492063, 122.90321995464852, 123.25151927437642, 123.62303854875283, 123.97133786848073, 124.36607709750567, 124.71437641723357, 125.08589569160998, 125.45741496598639, 125.82893424036281, 126.1772335600907, 126.54875283446712, 126.92027210884353, 127.29179138321996, 127.64009070294784, 128.03482993197278, 128.4063492063492, 128.7546485260771, 129.12616780045352, 129.49768707482994, 129.84598639455783, 130.21750566893425, 130.58902494331065, 130.96054421768707, 131.3320634920635, 131.70358276643992, 132.0518820861678, 132.4234013605442, 132.79492063492063, 133.16643990929705, 133.53795918367348, 133.90947845804988, 134.2809977324263, 134.65251700680273, 135.0008163265306, 135.3491156462585, 135.72063492063492, 136.09215419501135, 136.46367346938774, 136.83519274376417, 137.2299319727891, 137.60145124716553, 137.97297052154195, 138.34448979591838, 138.71600907029477, 139.0875283446712, 139.43582766439908, 139.8073469387755, 140.1556462585034, 140.52716553287982, 140.89868480725625, 141.24698412698413, 141.61850340136056, 141.99002267573695, 142.36154195011338, 142.70984126984126, 143.05814058956915, 143.40643990929706, 143.77795918367346, 144.14947845804988, 144.5209977324263, 144.89251700680273, 145.26403628117913, 145.6587755102041, 146.0302947845805, 146.40181405895692, 146.77333333333334, 147.14485260770974, 147.51637188208616, 147.8878911564626, 148.23619047619047, 148.58448979591836, 148.90956916099773, 149.25786848072562, 149.6061678004535, 149.97768707482993, 150.34920634920636, 150.72072562358278, 151.09224489795918, 151.4637641723356, 151.85850340136054, 