{"tempo": 129.19921875, "beats": [3.8545124716553287, 4.31891156462585, 4.783310657596372, 5.224489795918367, 5.688888888888889, 6.15328798185941, 6.617687074829932, 7.082086167800454, 7.546485260770975, 8.010884353741497, 8.475283446712018, 8.93968253968254, 9.404081632653062, 9.845260770975056, 10.309659863945578, 10.7740589569161, 11.23845804988662, 11.679637188208616, 12.144036281179138, 12.60843537414966, 13.072834467120181, 13.537233560090703, 14.001632653061224, 14.466031746031746, 14.930430839002268, 15.371609977324264, 15.836009070294784, 16.300408163265306, 16.764807256235827, 17.22920634920635, 17.69360544217687, 18.15800453514739, 18.622403628117915, 19.06358276643991, 19.52798185941043, 19.99238095238095, 20.456780045351476, 20.921179138321996, 21.385578231292516, 21.849977324263037, 22.31437641723356, 22.77877551020408, 23.2431746031746, 23.684353741496597, 24.14875283446712, 24.61315192743764, 25.077551020408162, 25.541950113378686, 25.98312925170068, 26.447528344671202, 26.911927437641722, 27.376326530612246, 27.840725623582767, 28.305124716553287, 28.76952380952381, 29.23392290249433, 29.698321995464852, 30.139501133786847, 30.603900226757368, 31.068299319727892, 31.532698412698412, 31.997097505668933, 32.46149659863946, 32.879455782312924, 33.29741496598639, 33.73859410430839, 34.13333333333333, 34.5512925170068, 34.9924716553288, 35.456870748299316, 35.92126984126984, 36.385668934240364, 36.85006802721088, 37.314467120181405, 37.77886621315193, 38.243265306122446, 38.684444444444445, 39.14884353741497, 39.613242630385486, 40.07764172335601, 40.542040816326534, 41.00643990929705, 41.470839002267574, 41.9352380952381, 42.399637188208615, 42.840816326530614, 43.30521541950113, 43.769614512471655, 44.23401360544218, 44.698412698412696, 45.16281179138322, 45.627210884353744, 46.09160997732426, 46.53278911564626, 46.99718820861678, 47.4615873015873, 47.925986394557825, 48.39038548752834, 48.854784580498865, 49.31918367346939, 49.783582766439906, 50.24798185941043, 50.68916099773243, 51.153560090702946, 51.61795918367347, 52.082358276643994, 52.54675736961451, 53.011156462585035, 53.45233560090703, 53.91673469387755, 54.381133786848075, 54.84553287981859, 55.309931972789116, 55.77433106575964, 56.23873015873016, 56.70312925170068, 57.167528344671204, 57.63192743764172, 58.07310657596372, 58.53750566893424, 59.00190476190476, 59.466303854875285, 59.9307029478458, 60.395102040816326, 60.85950113378685, 61.30068027210884, 61.765079365079366, 62.22947845804989, 62.69387755102041, 63.15827664399093, 63.622675736961455, 64.08707482993198, 64.55147392290249, 65.01587301587301, 65.45705215419501, 65.92145124716554, 66.38585034013606, 66.85024943310657, 67.3146485260771, 67.77904761904762, 68.24344671201814, 68.70784580498866, 69.17224489795919, 69.61342403628117, 70.0778231292517, 70.54222222222222, 71.00662131519275, 71.47102040816327, 71.9354195011338, 72.3998185941043, 72.86421768707483, 73.30539682539683, 73.76979591836735, 74.23419501133787, 74.69859410430838, 75.16299319727891, 75.62739229024943, 76.09179138321996, 76.55619047619048, 76.99736961451246, 77.46176870748299, 77.92616780045351, 78.39056689342404, 78.87818594104309, 79.43546485260771, 79.99274376417233, 80.45714285714286, 80.92154195011338, 81.3859410430839, 81.85034013605443, 82.31473922902494, 82.77913832199546, 83.24353741496599, 83.68471655328798, 84.14911564625851, 84.61351473922902, 85.07791383219954, 85.54231292517007, 86.00671201814059, 86.47111111111111, 86.93551020408164, 87.37668934240362, 87.84108843537415, 88.30548752834467, 88.7698866213152, 89.23428571428572, 89.69868480725624, 90.16308390022675, 90.62748299319728, 91.06866213151928, 91.5330612244898, 91.99746031746032, 92.46185941043083, 92.92625850340136, 93.39065759637188, 93.8550566893424, 94.2962358276644, 94.76063492063491, 95.22503401360544, 95.68943310657596, 96.15383219954649, 96.61823129251701, 97.08263038548753, 97.54702947845804, 98.01142857142857, 98.45260770975057, 98.91700680272109, 99.38140589569161, 99.8225850340136, 100.31020408163265, 100.77460317460317, 101.2390022675737, 101.70340136054422, 102.16780045351474, 102.63219954648527, 103.07337868480725, 103.53777777777778, 104.0021768707483, 104.46657596371882, 104.93097505668935, 105.39537414965986, 105.83655328798186, 106.30095238095238, 106.7653514739229, 107.22975056689343, 107.69414965986394, 108.15854875283446, 108.59972789115646, 109.06412698412699, 109.52852607709751, 109.99292517006803, 110.45732426303854, 110.92172335600907, 111.38612244897959, 111.85052154195012, 112.31492063492064, 112.77931972789116, 113.24371882086167, 113.7081179138322, 114.1492970521542, 114.61369614512472, 115.07809523809524, 115.54249433106575, 116.00689342403628, 116.4712925170068, 116.93569160997733, 117.37687074829932, 117.84126984126983, 118.30566893424036, 118.77006802721088, 119.2344671201814, 119.69886621315193, 120.16326530612245, 120.62766439909296, 121.06884353741496, 121.53324263038549, 121.99764172335601, 122.46204081632654, 122.92643990929706, 123.39083900226757, 123.8552380952381, 124.29641723356009, 124.76081632653062, 125.22521541950114, 125.68961451247165, 126.15401360544217, 126.6184126984127, 127.08281179138322, 127.54721088435375, 127.98839002267573, 128.45278911564625, 128.91718820861678, 129.42802721088435, 129.93886621315193, 130.47292517006804, 131.00698412698412, 131.47138321995465, 131.93578231292517, 132.4001814058957, 132.86458049886622, 133.3057596371882, 133.77015873015873, 134.23455782312925, 134.69895691609977, 135.1633560090703, 135.62775510204082, 136.09215419501135, 136.55655328798187, 136.99773242630386, 137.46213151927438, 137.9265306122449, 138.39092970521543, 138.85532879818595, 139.31972789115648, 139.78412698412697, 140.2485260770975, 140.6897052154195, 141.15410430839003, 141.61850340136056, 142.08290249433108, 142.54730158730158, 143.0117006802721, 143.47609977324262, 143.91727891156464, 144.38167800453516, 144.84607709750566, 145.31047619047618, 145.7748752834467, 146.23927437641723, 146.70367346938775, 147.16807256235828, 147.6324716553288, 148.07365079365078, 148.5380498866213, 149.00244897959183, 149.46684807256236, 149.93124716553288, 150.3956462585034, 150.86004535147393, 151.32444444444445, 151.76562358276644, 152.23002267573696, 152.69442176870749, 153.158820861678, 153.62321995464853, 154.08761904761906, 154.55201814058958, 154.99319727891157, 155.4575963718821, 155.9219954648526, 156.38639455782314, 156.85079365079366, 157.3151927437642, 157.77959183673468, 158.2439909297052, 158.68517006802722, 159.14956916099774, 159.61396825396827, 160.07836734693876, 160.5427664399093, 161.0071655328798, 161.47156462585033, 161.93596371882086, 162.37714285714284, 162.84154195011337, 163.3059410430839, 163.77034013605441, 164.23473922902494, 164.69913832199546, 165.163537414966, 165.6279365079365, 166.09233560090703, 166.55673469387756, 167.06757369614513, 167.5784126984127, 168.13569160997733, 168.62331065759636, 169.0877097505669, 169.5521088435374, 169.99328798185942, 170.45768707482992, 170.92208616780044, 171.38648526077097, 171.8508843537415, 172.2920634920635, 172.756462585034, 173.22086167800452, 173.68526077097505, 174.14965986394557, 174.6140589569161, 175.07845804988662, 175.54285714285714, 175.98403628117913, 176.44843537414965, 176.91283446712018, 177.3772335600907, 177.84163265306123, 178.30603174603175, 178.77043083900227, 179.2348299319728, 179.69922902494332, 180.16362811791385, 180.60480725623583, 181.06920634920635, 181.53360544217688, 181.9980045351474, 182.46240362811793, 182.92680272108842, 183.39120181405895, 183.85560090702947, 184.32, 184.78439909297052, 185.24879818594104, 185.71319727891157, 186.1775963718821, 186.61877551020407, 187.0831746031746, 187.54757369614512, 187.9887528344671, 188.47637188208617, 188.9407709750567, 189.40517006802722, 189.96244897959184, 190.38040816326532, 190.7983673469388, 191.23954648526077, 191.7039455782313, 192.16834467120182, 192.6095238095238, 