{"tempo": 161.4990234375, "beats": [0.9752380952380952, 1.3235374149659864, 1.6950566893424037, 2.020136054421769, 2.391655328798186, 2.7631746031746034, 3.111473922902494, 3.5062131519274375, 3.877732426303855, 4.2260317460317465, 4.597551020408163, 4.96907029478458, 5.317369614512471, 5.6656689342403626, 6.013968253968254, 6.362267573696145, 6.757006802721088, 7.151746031746032, 7.500045351473923, 7.87156462585034, 8.219863945578231, 8.591383219954649, 8.93968253968254, 9.334421768707482, 9.7059410430839, 10.054240362811791, 10.425759637188209, 10.7740589569161, 11.145578231292516, 11.517097505668934, 11.888616780045352, 12.236916099773243, 12.60843537414966, 12.979954648526077, 13.328253968253968, 13.699773242630386, 14.048072562358277, 14.419591836734694, 14.79111111111111, 15.162630385487528, 15.51092970521542, 15.882448979591837, 16.23074829931973, 16.602267573696146, 16.973786848072564, 17.322086167800453, 17.69360544217687, 18.04190476190476, 18.413424036281178, 18.784943310657596, 19.13324263038549, 19.504761904761907, 19.87628117913832, 20.224580498866214, 20.59609977324263, 20.96761904761905, 21.31591836734694, 21.687437641723356, 22.035736961451246, 22.407256235827663, 22.77877551020408, 23.1502947845805, 23.521814058956917, 23.870113378684806, 24.2184126984127, 24.589931972789117, 24.961451247165535, 25.33297052154195, 25.704489795918366, 26.05278911564626, 26.424308390022677, 26.772607709750567, 27.144126984126984, 27.515646258503402, 27.86394557823129, 28.23546485260771, 28.583764172335602, 28.955283446712016, 29.326802721088434, 29.675102040816327, 30.046621315192745, 30.418140589569163, 30.766439909297052, 31.13795918367347, 31.48625850340136, 31.857777777777777, 32.229297052154195, 32.60081632653061, 32.949115646258505, 33.32063492063492, 33.66893424036281, 34.04045351473923, 34.411972789115644, 34.78349206349206, 35.131791383219955, 35.50331065759637, 35.87482993197279, 36.22312925170068, 36.594648526077094, 36.94294784580499, 37.314467120181405, 37.68598639455782, 38.034285714285716, 38.40580498866213, 38.77732426303855, 39.12562358276644, 39.497142857142855, 39.86866213151927, 40.216961451247165, 40.58848072562358, 40.96, 41.308299319727894, 41.65659863945578, 42.00489795918367, 42.353197278911566, 42.77115646258503, 43.119455782312926, 43.490975056689344, 43.86249433106576, 44.210793650793654, 44.582312925170065, 44.95383219954648, 45.3253514739229, 45.67365079365079, 46.04517006802721, 46.393469387755104, 46.76498866213152, 47.11328798185941, 47.484807256235825, 47.85632653061224, 48.204625850340136, 48.576145124716554, 48.94766439909297, 49.31918367346939, 49.66748299319728, 50.03900226757369, 50.387301587301586, 50.758820861678004, 51.13034013605442, 51.50185941043084, 51.85015873015873, 52.22167800453515, 52.569977324263036, 52.94149659863945, 53.31301587301587, 53.661315192743764, 54.03283446712018, 54.381133786848075, 54.75265306122449, 55.12417233560091, 55.472471655328796, 55.843990929705214, 56.19229024943311, 56.563809523809525, 56.93532879818594, 57.30684807256236, 57.655147392290246, 58.026666666666664, 58.37496598639456, 58.746485260770974, 59.11800453514739, 59.48952380952381, 59.86104308390023, 60.20934240362812, 60.58086167800454, 60.929160997732424, 61.30068027210884, 61.67219954648526, 62.02049886621315, 62.368798185941046, 62.74031746031746, 63.111836734693874, 63.46013605442177, 63.831655328798185, 64.2031746031746, 64.57469387755103, 64.92299319727891, 65.29451247165532, 65.66603174603175, 66.03755102040816, 66.38585034013606, 66.75736961451247, 67.10566893424036, 67.47718820861678, 67.82548752834467, 68.19700680272109, 68.5685260770975, 68.94004535147393, 69.28834467120181, 69.65986394557824, 70.00816326530612, 70.37968253968253, 70.75120181405896, 71.09950113378684, 71.47102040816327, 71.84253968253968, 72.19083900226758, 72.56235827664399, 72.9338775510204, 73.2821768707483, 73.65369614512471, 74.02521541950114, 74.37351473922902, 74.74503401360545, 75.11655328798186, 75.46485260770974, 75.83637188208617, 76.20789115646258, 76.579410430839, 76.92770975056689, 77.27600907029479, 77.6475283446712, 78.01904761904763, 78.36734693877551, 78.73886621315192, 79.11038548752835, 79.45868480725623, 79.83020408163266, 80.17850340136054, 80.55002267573695, 80.89832199546485, 81.24662131519274, 81.59492063492064, 82.0128798185941, 82.361179138322, 82.73269841269841, 83.10421768707484, 83.47573696145125, 83.84725623582766, 84.19555555555556, 84.56707482993197, 84.9385941043084, 85.28689342403628, 85.6584126984127, 86.00671201814059, 86.378231292517, 86.74975056689343, 87.09804988662131, 87.46956916099774, 87.84108843537415, 88.18938775510205, 88.56090702947846, 88.90920634920634, 89.28072562358277, 89.65224489795918, 90.00054421768708, 90.37206349206349, 90.74358276643991, 91.0918820861678, 91.46340136054421, 91.81170068027211, 92.18321995464852, 92.55473922902495, 92.90303854875283, 93.27455782312926, 93.62285714285714, 93.99437641723355, 94.36589569160998, 94.73741496598639, 95.08571428571429, 95.4572335600907, 95.8055328798186, 96.17705215419501, 96.5253514739229, 96.89687074829932, 97.26839002267573, 97.63990929705216, 97.98820861678004, 98.35972789115647, 98.70802721088435, 99.07954648526078, 99.45106575963719, 99.79936507936507, 100.1708843537415, 100.54240362811791, 100.89070294784581, 101.28544217687075, 101.63374149659865, 102.00526077097506, 102.35356009070294, 102.72507936507937, 103.07337868480725, 103.44489795918368, 103.81641723356009, 104.16471655328799, 104.51301587301587, 104.86131519274376, 105.25605442176871, 105.62757369614512, 105.99909297052154, 106.34739229024943, 106.71891156462586, 107.09043083900227, 107.43873015873015, 107.81024943310658, 108.18176870748299, 108.53006802721089, 108.9015873015873, 109.2498866213152, 109.62140589569161, 109.99292517006803, 110.34122448979592, 110.71274376417233, 111.08426303854876, 111.43256235827664, 111.80408163265307, 112.17560090702948, 112.5471201814059, 112.89541950113379, 113.2669387755102, 113.6152380952381, 113.98675736961451, 114.35827664399093, 114.70657596371882, 115.07809523809524, 115.44961451247165, 115.79791383219954, 116.16943310657597, 116.54095238095238, 116.9124716553288, 117.26077097505669, 117.60907029478459, 117.980589569161, 118.35210884353741, 118.72362811791383, 119.07192743764172, 119.44344671201814, 119.81496598639455, 120.16326530612245, 120.53478458049887, 120.88308390022675, 121.25460317460318, 121.62612244897959, 121.97442176870749, 122.3459410430839, 122.71746031746032, 123.06575963718821, 123.43727891156463, 123.80879818594104, 124.15709750566893, 124.52861678004535, 124.87691609977324, 125.24843537414966, 125.61995464852608, 125.96825396825396, 126.33977324263039, 126.7112925170068, 127.0595918367347, 127.43111111111111, 127.80263038548753, 128.15092970521542, 128.52244897959184, 128.87074829931973, 129.24226757369615, 129.61378684807255, 129.98530612244897, 130.33360544217686, 130.70512471655329, 131.0766439909297, 131.44816326530614, 131.79646258503402, 132.1447619047619, 132.51628117913833, 132.88780045351473, 133.25931972789115, 133.60761904761904, 133.97913832199546, 134.3506575963719, 134.69895691609977, 135.0704761904762, 135.41877551020409, 135.7902947845805, 136.1385941043084, 136.51011337868482, 136.88163265306122, 137.25315192743764, 137.60145124716553, 137.97297052154195, 138.34448979591838, 138.69278911564626, 139.0643083900227, 139.41260770975057, 139.78412698412697, 140.1556462585034, 140.52716553287982, 140.8754648526077, 141.24698412698413, 141.59528344671202, 141.96680272108844, 142.31510204081633, 142.68662131519275, 143.05814058956915, 143.40643990929706, 143.77795918367346, 144.14947845804988, 144.49777777777777, 144.8692970521542, 145.24081632653062, 145.5891156462585, 145.96063492063493, 146.33215419501133, 146.68045351473924, 147.05197278911564, 147.40027210884352, 147.77179138321995, 148.14331065759637, 148.49160997732426, 148.86312925170068, 149.2346485260771, 149.582947845805, 149.95446712018142, 