{"tempo": 117.45383522727273, "beats": [15.232290249433106, 15.74312925170068, 16.27718820861678, 16.788027210884355, 17.29886621315193, 17.786485260770974, 18.297324263038547, 18.808163265306124, 19.29578231292517, 19.783401360544218, 20.29424036281179, 20.78185941043084, 21.269478458049885, 21.78031746031746, 22.291156462585032, 22.871655328798187, 23.42893424036281, 24.009433106575965, 24.543492063492064, 25.054331065759637, 25.541950113378686, 26.02956916099773, 26.540408163265305, 27.051247165532878, 27.538866213151927, 28.026485260770976, 28.53732426303855, 29.048163265306123, 29.53578231292517, 30.046621315192745, 30.53424036281179, 31.045079365079363, 31.532698412698412, 32.04353741496599, 32.55437641723356, 33.041995464852604, 33.52961451247165, 34.04045351473923, 34.5512925170068, 35.03891156462585, 35.54975056689342, 36.03736961451247, 36.548208616780045, 37.03582766439909, 37.54666666666667, 38.05750566893424, 38.54512471655329, 39.05596371882086, 39.54358276643991, 40.03120181405896, 40.542040816326534, 41.029659863945575, 41.54049886621315, 42.05133786848072, 42.53895691609977, 43.02657596371882, 43.53741496598639, 44.04825396825397, 44.535873015873015, 45.04671201814059, 45.53433106575964, 46.021950113378686, 46.53278911564626, 47.04362811791383, 47.53124716553288, 48.01886621315193, 48.529705215419504, 49.04054421768708, 49.55138321995465, 50.03900226757369, 50.54984126984127, 51.06068027210885, 51.54829931972789, 52.05913832199546, 52.54675736961451, 53.03437641723356, 53.54521541950113, 54.03283446712018, 54.543673469387755, 55.031292517006804, 55.54213151927438, 56.029750566893426, 56.540589569161, 57.05142857142857, 57.53904761904762, 58.026666666666664, 58.53750566893424, 59.04834467120181, 59.53596371882086, 60.04680272108843, 60.53442176870748, 61.045260770975055, 61.532879818594104, 62.02049886621315, 62.531337868480726, 63.0421768707483, 63.55301587301587, 64.04063492063491, 64.52825396825396, 65.03909297052154, 65.52671201814059, 66.03755102040816, 66.54839002267573, 67.03600907029478, 67.54684807256236, 68.0344671201814, 68.54530612244898, 69.03292517006803, 69.5437641723356, 70.05460317460317, 70.54222222222222, 71.02984126984127, 71.54068027210884, 72.05151927437642, 72.53913832199547, 73.04997732426304, 73.53759637188209, 74.02521541950114, 74.53605442176871, 75.04689342403628, 75.53451247165533, 76.02213151927438, 76.53297052154196, 77.04380952380953, 77.5546485260771, 78.04226757369615, 78.5298866213152, 79.04072562358277, 79.55156462585035, 80.03918367346938, 80.52680272108843, 81.037641723356, 81.54848072562358, 82.05931972789115, 82.5469387755102, 83.05777777777777, 83.54539682539682, 84.03301587301587, 84.54385487528344, 85.03147392290249, 85.54231292517007, 86.02993197278911, 86.54077097505669, 87.05160997732426, 87.53922902494331, 88.05006802721088, 88.53768707482993, 89.0485260770975, 89.53614512471655, 90.04698412698413, 90.5578231292517, 91.04544217687075, 91.5330612244898, 92.04390022675737, 92.55473922902495, 93.042358276644, 93.55319727891157, 94.04081632653062, 94.55165532879819, 95.03927437641724, 95.55011337868481, 96.03773242630386, 96.54857142857144, 97.03619047619047, 97.54702947845804, 98.03464852607709, 98.54548752834467, 99.03310657596371, 99.54394557823129, 100.03156462585034, 100.54240362811791, 101.05324263038548, 101.54086167800453, 102.0517006802721, 102.53931972789115, 103.05015873015873, 103.5609977324263, 104.11827664399092, 104.67555555555556, 105.23283446712018, 105.79011337868481, 106.30095238095238, 106.78857142857143, 107.299410430839, 107.78702947845805, 108.29786848072563, 108.8087074829932, 109.29632653061225, 109.7839455782313, 110.29478458049887, 110.80562358276644, 111.31646258503402, 111.80408163265307, 112.31492063492064, 112.80253968253969, 113.29015873015874, 113.77777777777777, 114.28861678004534, 114.79945578231292, 115.28707482993197, 115.77469387755102, 116.26231292517006, 116.79637188208616, 117.28399092970521, 117.79482993197279, 118.30566893424036, 118.79328798185941, 119.28090702947846, 119.79174603174603, 120.27936507936508, 120.79020408163265, 121.2778231292517, 121.78866213151927, 122.27628117913832, 122.7871201814059, 123.29795918367347, 123.78557823129252, 124.29641723356009, 124.78403628117914, 125.29487528344671, 125.78249433106576, 126.29333333333334, 126.80417233560091, 127.29179138321996, 127.77941043083901, 128.29024943310657, 128.80108843537414, 129.2887074829932, 129.79954648526078, 130.2871655328798, 130.79800453514738, 131.28562358276645, 131.79646258503402, 132.3073015873016, 132.79492063492063, 133.3057596371882, 133.79337868480727, 134.30421768707484, 134.86149659863946, 135.41877551020409, 135.95283446712017, 136.48689342403628, 137.0209523809524, 137.53179138321997, 138.04263038548754, 138.59990929705216, 139.13396825396825, 139.66802721088436, 140.20208616780045, 140.73614512471656, 141.24698412698413, 141.7578231292517, 142.26866213151928, 142.77950113378685, 143.29034013605443, 143.801179138322, 144.31201814058957, 144.7996371882086, 145.28725623582767, 145.79809523809524, 146.28571428571428, 146.79655328798185, 147.2841723356009, 147.7950113378685, 148.30585034013606, 148.7934693877551, 149.30430839002267, 149.79192743764173, 150.3027664399093, 150.79038548752834, 151.3012244897959, 151.8120634920635, 152.29968253968255, 152.78730158730158, 153.29814058956916, 153.80897959183673, 154.2965986394558, 154.80743764172337, 155.43437641723355, 156.03809523809525, 156.54893424036283, 157.03655328798186, 157.5241723356009, 158.03501133786847, 158.54585034013604, 159.0334693877551, 159.54430839002268, 160.0319274376417, 160.5427664399093, 161.03038548752835, 161.54122448979592, 162.02884353741496, 162.53968253968253, 163.0505215419501, 163.53814058956917, 164.0257596371882, 164.53659863945578, 165.04743764172335, 165.5350566893424, 166.04589569160999, 166.6031746031746, 167.16045351473923, 167.64807256235827, 168.08925170068028, 168.5536507936508, 169.04126984126984, 169.5521088435374, 170.06294784580498, 170.55056689342405, 171.03818594104308, 171.54902494331066, 172.03664399092972, 172.5474829931973, 173.03510204081633, 173.5459410430839, 174.01034013605442, 174.5443990929705, 175.05523809523808, 175.54285714285714, 176.03047619047618, 176.54131519274375, 177.02893424036282, 177.5397732426304, 178.05061224489796, 178.538231292517, 179.04907029478457, 179.53668934240363, 180.02430839002267, 180.53514739229024, 181.04598639455781, 181.53360544217688, 182.0212244897959, 182.5320634920635, 183.04290249433106, 183.55374149659863, 184.0645804988662, 184.55219954648527, 185.0398185941043, 185.55065759637188, 186.03827664399094, 186.5491156462585, 187.03673469387755, 187.54757369614512, 188.03519274376418, 188.54603174603176, 189.05687074829933, 189.54448979591837, 190.0321088435374, 190.542947845805, 191.05378684807258, 191.5414058956916, 192.02902494331065, 192.53986394557822, 193.02748299319728, 193.53832199546486, 194.04916099773243, 194.56, 195.04761904761904, 195.5584580498866, 196.04607709750567, 196.55691609977325, 197.04453514739228, 197.53215419501134, 198.01977324263038, 198.5538321995465, 199.04145124716553, 199.5522902494331, 200.03990929705216, 200.55074829931974, 201.03836734693877, 201.54920634920634, 202.0368253968254, 202.54766439909298, 203.05850340136055, 203.5461224489796, 204.03374149659865, 204.54458049886622, 205.0554195011338, 205.54303854875283, 206.0306575963719, 206.54149659863947, 207.05233560090704, 207.53995464852608, 208.05079365079365, 208.53841269841269, 209.02603174603175, 209.53687074829932, 210.0477097505669, 210.55854875283447, 211.0461678004535, 211.55700680272108, 212.04462585034014, 212.53224489795917, 213.04308390022675, 213.55392290249432, 214.04154195011338, 214.52916099773242, 215.04, 215.55083900226757, 216.03845804988663, 216.52607709750566, 217.03691609977324, 217.57097505668935, 218.10503401360543, 218.66231292517006]}