{"tempo": 161.4990234375, "beats": [0.2786394557823129, 0.6733786848072563, 1.0681179138321995, 1.4628571428571429, 1.8575963718820863, 2.2523356009070294, 2.647074829931973, 3.01859410430839, 3.3901133786848074, 3.7848526077097504, 4.156371882086168, 4.527891156462585, 4.922630385487528, 5.294149659863946, 5.6656689342403626, 6.03718820861678, 6.408707482993197, 6.780226757369615, 7.151746031746032, 7.523265306122449, 7.894784580498866, 8.266303854875284, 8.661043083900227, 9.05578231292517, 9.450521541950113, 9.822040816326531, 10.193560090702947, 10.541859410430838, 10.89015873015873, 11.261678004535147, 11.633197278911565, 11.981496598639456, 12.353015873015874, 12.72453514739229, 13.096054421768708, 13.444353741496599, 13.79265306122449, 14.140952380952381, 14.512471655328799, 14.86077097505669, 15.232290249433106, 15.603809523809524, 15.975328798185942, 16.32362811791383, 16.671927437641724, 17.066666666666666, 17.41496598639456, 17.786485260770974, 18.134784580498867, 18.506303854875284, 18.877823129251702, 19.22612244897959, 19.574421768707484, 19.9459410430839, 20.317460317460316, 20.688979591836734, 21.037278911564627, 21.408798185941045, 21.78031746031746, 22.151836734693877, 22.523356009070294, 22.871655328798187, 23.219954648526077, 23.56825396825397, 23.91655328798186, 24.288072562358277, 24.659591836734695, 25.007891156462584, 25.356190476190477, 25.704489795918366, 26.076009070294784, 26.447528344671202, 26.81904761904762, 27.190566893424037, 27.538866213151927, 27.88716553287982, 28.23546485260771, 28.63020408163265, 28.978503401360545, 29.350022675736962, 29.698321995464852, 30.06984126984127, 30.441360544217687, 30.789659863945577, 31.13795918367347, 31.509478458049887, 31.880997732426305, 32.229297052154195, 32.60081632653061, 32.97233560090703, 33.32063492063492, 33.69215419501134, 34.0172335600907, 34.411972789115644, 34.76027210884354, 35.131791383219955, 35.48009070294785, 35.851609977324266, 36.22312925170068, 36.57142857142857, 36.91972789115646, 37.29124716553288, 37.6627664399093, 38.034285714285716, 38.38258503401361, 38.75410430839002, 39.10240362811791, 39.47392290249433, 39.82222222222222, 40.19374149659864, 40.56526077097506, 40.91356009070295, 41.26185941043084, 41.633378684807255, 42.00489795918367, 42.353197278911566, 42.70149659863946, 43.073015873015876, 43.44453514739229, 43.816054421768705, 44.1643537414966, 44.535873015873015, 44.88417233560091, 45.255691609977326, 45.60399092970521, 45.97551020408163, 46.34702947845805, 46.718548752834465, 47.09006802721088, 47.41514739229025, 47.763446712018144, 48.11174603174603, 48.46004535147392, 48.83156462585034, 49.22630385487528, 49.574603174603176, 49.946122448979594, 50.31764172335601, 50.6659410430839, 51.037460317460315, 51.36253968253968, 51.7340589569161, 52.10557823129252, 52.47709750566894, 52.82539682539682, 53.19691609977324, 53.56843537414966, 53.91673469387755, 54.265034013605444, 54.63655328798186, 55.00807256235828, 55.3795918367347, 55.72789115646258, 56.099410430839, 56.447709750566894, 56.81922902494331, 57.14430839002267, 57.53904761904762, 57.91056689342403, 58.258866213151926, 58.60716553287982, 58.978684807256236, 59.350204081632654, 59.69850340136055, 60.04680272108843, 60.41832199546485, 60.78984126984127, 61.161360544217686, 61.50965986394558, 61.881179138322, 62.252698412698415, 62.6009977324263, 62.94929705215419, 63.32081632653061, 63.69233560090703, 64.04063492063491, 64.38893424036281, 64.76045351473923, 65.13197278911565, 65.48027210884354, 65.82857142857142, 66.22331065759637, 66.59482993197278, 66.94312925170068, 67.29142857142857, 67.662947845805, 68.01124716553288, 68.3827664399093, 68.73106575963719, 69.1025850340136, 69.47410430839003, 69.82240362811791, 70.17070294784581, 70.54222222222222, 70.91374149659863, 71.26204081632653, 71.61034013605442, 71.98185941043084, 72.35337868480725, 72.72489795918368, 73.07319727891156, 73.44471655328798, 73.79301587301588, 74.16453514739229, 74.51283446712019, 74.8843537414966, 75.25587301587302, 75.60417233560091, 75.9524716553288, 76.32399092970522, 76.69551020408163, 77.04380952380953, 77.39210884353741, 77.78684807256236, 78.13514739229025, 78.50666666666666, 78.85496598639456, 79.22648526077097, 79.57478458049887, 79.94630385487528, 80.29460317460317, 80.66612244897959, 81.01442176870748, 81.3859410430839, 81.75746031746031, 82.12897959183674, 82.47727891156462, 82.84879818594105, 83.19709750566894, 83.56861678004535, 83.94013605442177, 84.28843537414966, 84.63673469387756, 85.00825396825397, 85.35655328798185, 85.72807256235828, 86.07637188208616, 86.44789115646259, 86.819410430839, 87.21414965986395, 87.58566893424036, 87.98040816326531, 88.37514739229024, 88.7698866213152, 89.16462585034013, 89.55936507936508, 89.95410430839003, 90.32562358276644, 90.69714285714285, 91.0918820861678, 91.48662131519275, 91.88136054421769, 92.22965986394559, 92.601179138322, 92.9726984126984, 93.3209977324263, 93.69251700680272, 94.06403628117914, 94.41233560090703, 94.76063492063491, 95.13215419501134, 95.50367346938775, 95.85197278911565, 96.20027210884354, 96.57179138321996, 96.94331065759637, 97.29160997732426, 97.63990929705216, 98.01142857142857, 98.38294784580499, 98.73124716553288, 99.1027664399093, 99.47428571428571, 99.84580498866214, 100.19410430839002, 100.54240362811791, 100.91392290249433, 101.28544217687075, 101.6105215419501, 101.98204081632653, 102.35356009070294, 102.72507936507937, 103.07337868480725, 103.42167800453515, 103.79319727891156, 104.16471655328799, 104.51301587301587, 104.88453514739228, 105.25605442176871, 105.62757369614512, 105.97587301587302, 106.3241723356009, 106.69569160997733, 107.06721088435374, 107.41551020408163, 107.76380952380953, 108.13532879818594, 108.48362811791384, 108.85514739229025, 109.20344671201813, 109.59818594104308, 109.94648526077097, 110.29478458049887, 110.66630385487528, 111.0378231292517, 111.40934240362812, 111.757641723356, 112.1059410430839, 112.47746031746031, 112.84897959183674, 113.19727891156462, 113.54557823129252, 113.91709750566893, 114.28861678004534, 114.66013605442177, 114.98521541950113, 115.37995464852608, 115.72825396825397, 116.09977324263039, 116.44807256235828, 116.81959183673469, 117.19111111111111, 117.539410430839, 117.8877097505669, 118.25922902494331, 118.63074829931973, 118.97904761904762, 119.3273469387755, 119.69886621315193, 120.07038548752834, 120.44190476190477, 120.79020408163265, 121.16172335600908, 121.53324263038549, 121.88154195011337, 122.22984126984127, 122.60136054421768, 122.97287981859411, 123.321179138322, 123.66947845804988, 124.0409977324263, 124.41251700680272, 124.76081632653062, 125.13233560090703, 125.50385487528345, 125.85215419501134, 126.22367346938775, 126.57197278911565, 126.92027210884353, 127.29179138321996, 127.66331065759637, 128.01160997732427, 128.3831292517007, 128.7546485260771, 129.10294784580498, 129.4512471655329, 129.8227664399093, 130.1942857142857, 130.5425850340136, 130.91410430839002, 131.28562358276645, 131.63392290249433, 132.00544217687076, 132.3305215419501, 132.72526077097507, 133.09678004535147, 133.44507936507935, 133.79337868480727, 134.16489795918366, 134.5364172335601, 134.88471655328797, 135.2330158730159, 135.60453514739228, 135.9760544217687, 136.34757369614513, 136.69587301587302, 137.06739229024944, 137.41569160997733, 137.78721088435375, 138.15873015873015, 138.50702947845804, 138.87854875283446, 139.22684807256235, 139.57514739229026, 139.94666666666666, 140.31818594104308, 140.66648526077097, 141.01478458049885, 141.38630385487528, 141.7578231292517, 142.12934240362813, 142.47764172335602, 142.84916099773244, 143.19746031746033, 143.56897959183672, 143.8940589569161, 144.28879818594103, 144.66031746031746, 145.00861678004534, 145.35691609977323, 145.72843537414965, 146.09995464852608, 146.44825396825397, 146.79655328798185, 147.16807256235828, 147.5395918367347, 147.9111111111111, 148.259410430839, 148.6309297052154, 148.97922902494332, 149.35074829931972, 