{"tempo": 86.1328125, "beats": [0.16253968253968254, 0.8823582766439909, 1.5789569160997732, 2.2755555555555556, 2.948934240362812, 3.645532879818594, 4.342131519274377, 5.038730158730159, 5.712108843537415, 6.408707482993197, 7.1053061224489795, 7.778684807256236, 8.475283446712018, 9.148662131519274, 9.845260770975056, 10.541859410430838, 11.215238095238096, 11.888616780045352, 12.585215419501134, 13.25859410430839, 13.955192743764172, 14.628571428571428, 15.32517006802721, 16.021768707482995, 16.671927437641724, 17.39174603174603, 18.088344671201813, 18.784943310657596, 19.481541950113378, 20.154920634920636, 20.851519274376418, 21.5481179138322, 22.221496598639455, 22.918095238095237, 23.61469387755102, 24.288072562358277, 24.98467120181406, 25.68126984126984, 26.354648526077096, 27.051247165532878, 27.74784580498866, 28.444444444444443, 29.164263038548754, 29.814421768707483, 30.511020408163265, 31.184399092970523, 31.90421768707483, 32.57759637188209, 33.274195011337866, 33.94757369614513, 34.644172335600906, 35.34077097505669, 36.03736961451247, 36.710748299319725, 37.40734693877551, 38.10394557823129, 38.77732426303855, 39.47392290249433, 40.170521541950116, 40.84390022675737, 41.54049886621315, 42.237097505668935, 42.93369614512471, 43.607074829931975, 44.30367346938775, 45.00027210884354, 45.69687074829932, 46.37024943310658, 47.06684807256236, 47.74022675736961, 48.46004535147392, 49.13342403628118, 49.83002267573696, 50.50340136054422, 51.22321995464853, 51.89659863945578, 52.59319727891157, 53.26657596371882, 53.9631746031746, 54.63655328798186, 55.33315192743764, 56.029750566893426, 56.726349206349205, 57.39972789115646, 58.096326530612245, 58.792925170068024, 59.48952380952381, 60.162902494331064, 60.85950113378685, 61.55609977324263, 62.252698412698415, 62.92607709750567, 63.59945578231292, 64.2960544217687, 64.99265306122449, 65.68925170068027, 66.38585034013606, 67.0592290249433, 67.75582766439909, 68.42920634920635, 69.12580498866213, 69.82240362811791, 70.49578231292517, 71.19238095238096, 71.88897959183673, 72.58557823129252, 73.2821768707483, 73.95555555555555, 74.65215419501133, 75.3255328798186, 75.99891156462586, 76.69551020408163, 77.39210884353741, 78.0887074829932, 78.78530612244899, 79.48190476190476, 80.15528344671202, 80.8518820861678, 81.54848072562358, 82.22185941043084, 82.91845804988662, 83.61505668934241, 84.31165532879818, 84.98503401360544, 85.6584126984127, 86.35501133786848, 87.07482993197279, 87.74820861678005, 88.42158730158731, 89.11818594104308, 89.81478458049887, 90.51138321995465, 91.20798185941042, 91.88136054421769, 92.57795918367347, 93.27455782312926, 93.97115646258503, 94.64453514739229, 95.34113378684808, 96.01451247165532, 96.71111111111111, 97.4077097505669, 98.10430839002268, 98.77768707482993, 99.45106575963719, 100.1708843537415, 100.84426303854875, 101.54086167800453, 102.23746031746032, 102.91083900226758, 103.60743764172335, 104.30403628117914, 105.00063492063492, 105.67401360544218, 106.34739229024943, 107.04399092970522, 107.76380952380953, 108.43718820861677, 109.13378684807256, 109.80716553287982, 110.50376417233561, 111.20036281179138, 111.87374149659864, 112.57034013605443, 113.2669387755102, 113.96353741496598, 114.66013605442177, 115.33351473922903, 116.0301133786848, 116.70349206349206, 117.40009070294785, 118.09668934240362, 118.79328798185941, 119.46666666666667, 120.16326530612245, 120.8366439909297, 121.53324263038549, 122.22984126984127, 122.92643990929706, 123.5998185941043, 124.31963718820862, 124.99301587301588, 125.68961451247165, 126.36299319727891, 127.0595918367347, 127.75619047619048, 128.42956916099774, 129.12616780045352, 129.8227664399093, 130.49614512471655, 131.21596371882086, 131.88934240362812, 132.5859410430839, 133.25931972789115, 133.95591836734692, 134.65251700680273, 135.3491156462585, 136.02249433106576, 136.71909297052153, 137.3924716553288, 138.0890702947846, 138.78566893424036, 139.48226757369613, 140.1556462585034, 140.8522448979592, 141.54884353741497, 142.24544217687074, 142.918820861678, 143.6154195011338, 144.31201814058957, 145.00861678004534, 145.6819954648526, 146.35537414965987, 147.05197278911564, 147.77179138321995, 148.4451700680272, 149.14176870748298, 149.81514739229024, 150.51174603174604, 151.18512471655328, 151.85850340136054, 152.57832199546485, 153.27492063492065, 153.94829931972788, 154.64489795918368, 155.34149659863945, 156.03809523809525, 156.71147392290248, 157.38485260770975, 158.08145124716555, 158.77804988662132, 159.4746485260771, 160.1712471655329, 160.84462585034012, 161.56444444444443, 162.2378231292517, 162.9344217687075, 163.60780045351473, 164.30439909297053, 164.9777777777778, 165.67437641723356, 166.37097505668933, 167.06757369614513, 167.7409523809524, 168.43755102040816, 169.13414965986394, 169.8075283446712, 170.504126984127, 171.20072562358277, 171.87410430839003, 172.59392290249434, 173.26730158730157, 173.91746031746032, 174.63727891156464, 175.35709750566895, 176.03047619047618, 176.70385487528344, 177.40045351473924, 178.12027210884355, 178.79365079365078, 179.49024943310658, 180.16362811791385, 180.86022675736962, 181.53360544217688, 182.23020408163265, 182.92680272108842, 183.62340136054422, 184.29678004535148, 184.97015873015874, 185.66675736961452, 186.3633560090703, 187.0599546485261, 187.75655328798186, 188.42993197278912, 189.1265306122449, 189.8231292517007, 190.51972789115646, 191.19310657596372, 191.8897052154195, 192.56308390022676, 193.25968253968253, 193.95628117913833, 194.67609977324264, 195.34947845804987, 196.02285714285713, 196.71945578231293, 197.4160544217687, 198.08943310657597, 198.78603174603174, 199.48263038548754, 200.1792290249433, 200.85260770975057, 201.54920634920634, 202.24580498866214, 202.94240362811792, 203.61578231292518, 204.31238095238095, 204.9857596371882, 205.70557823129252, 206.37895691609978, 207.07555555555555, 207.74893424036281, 208.4455328798186, 209.11891156462585, 209.81551020408162, 210.51210884353742, 211.2087074829932, 211.88208616780045, 212.57868480725622, 213.27528344671202, 213.9718820861678, 214.64526077097506, 215.34185941043083, 216.03845804988663, 216.7350566893424, 217.40843537414966, 218.08181405895692, 218.7784126984127, 219.4750113378685, 220.17160997732427]}