{"tempo": 172.265625, "beats": [0.34829931972789113, 0.6965986394557823, 1.0448979591836736, 1.3931972789115645, 1.7414965986394557, 2.066575963718821, 2.414875283446712, 2.7631746031746034, 3.111473922902494, 3.4597732426303853, 3.7848526077097504, 4.133151927437642, 4.481451247165533, 4.806530612244898, 5.154829931972789, 5.50312925170068, 5.851428571428571, 6.199727891156463, 6.524807256235827, 6.873106575963718, 7.22140589569161, 7.569705215419501, 7.894784580498866, 8.243083900226758, 8.591383219954649, 8.93968253968254, 9.264761904761905, 9.613061224489796, 9.961360544217687, 10.309659863945578, 10.65795918367347, 10.983038548752834, 11.331337868480725, 11.679637188208616, 12.027936507936507, 12.353015873015874, 12.701315192743763, 13.049614512471654, 13.397913832199546, 13.722993197278912, 14.071292517006803, 14.419591836734694, 14.767891156462586, 15.09297052154195, 15.441269841269841, 15.789569160997733, 16.137868480725622, 16.46294784580499, 16.81124716553288, 17.159546485260773, 17.507845804988662, 17.832925170068027, 18.18122448979592, 18.52952380952381, 18.877823129251702, 19.202902494331067, 19.551201814058956, 19.89950113378685, 20.24780045351474, 20.572879818594103, 20.921179138321996, 21.269478458049885, 21.61777777777778, 21.942857142857143, 22.291156462585032, 22.639455782312925, 22.987755102040815, 23.336054421768708, 23.684353741496597, 24.009433106575965, 24.357732426303855, 24.706031746031748, 25.054331065759637, 25.379410430839002, 25.727709750566895, 26.076009070294784, 26.424308390022677, 26.749387755102042, 27.09768707482993, 27.445986394557824, 27.794285714285714, 28.142585034013607, 28.46766439909297, 28.81596371882086, 29.164263038548754, 29.512562358276643, 29.837641723356008, 30.1859410430839, 30.53424036281179, 30.882539682539683, 31.207619047619048, 31.555918367346937, 31.90421768707483, 32.25251700680272, 32.57759637188209, 32.92589569160998, 33.274195011337866, 33.62249433106576, 33.97079365079365, 34.29587301587301, 34.644172335600906, 34.9924716553288, 35.31755102040816, 35.66585034013605, 36.014149659863946, 36.36244897959184, 36.710748299319725, 37.03582766439909, 37.384126984126986, 37.73242630385487, 38.080725623582765, 38.40580498866213, 38.75410430839002, 39.10240362811791, 39.450702947845805, 39.77578231292517, 40.12408163265306, 40.47238095238095, 40.820680272108845, 41.16897959183674, 41.4940589569161, 41.84235827664399, 42.190657596371885, 42.53895691609977, 42.887256235827664, 43.21233560090703, 43.56063492063492, 43.90893424036281, 44.257233560090704, 44.582312925170065, 44.93061224489796, 45.27891156462585, 45.627210884353744, 45.952290249433105, 46.300589569161, 46.64888888888889, 46.99718820861678, 47.322267573696145, 47.67056689342404, 48.01886621315193, 48.36716553287982, 48.692244897959185, 49.04054421768708, 49.388843537414964, 49.73714285714286, 50.08544217687075, 50.43374149659864, 50.758820861678004, 51.1071201814059, 51.45541950113379, 51.78049886621315, 52.128798185941044, 52.47709750566894, 52.82539682539682, 53.173696145124715, 53.498775510204084, 53.84707482993197, 54.19537414965986, 54.52045351473923, 54.868752834467124, 55.21705215419501, 55.5653514739229, 55.913650793650795, 56.26195011337869, 56.58702947845805, 56.93532879818594, 57.283628117913835, 57.63192743764172, 57.95700680272109, 58.30530612244898, 58.65360544217687, 59.00190476190476, 59.32698412698413, 59.675283446712015, 60.02358276643991, 60.3718820861678, 60.69696145124716, 61.045260770975055, 61.39356009070295, 61.74185941043084, 62.0669387755102, 62.415238095238095, 62.76353741496599, 63.111836734693874, 63.46013605442177, 63.785215419501135, 64.13351473922903, 64.48181405895691, 64.83011337868481, 65.15519274376418, 65.50349206349206, 65.82857142857142, 66.17687074829932, 66.52517006802721, 66.87346938775511, 67.221768707483, 67.57006802721088, 67.89514739229026, 68.24344671201814, 68.59174603174603, 68.94004535147393, 69.28834467120181, 69.61342403628117, 69.96172335600907, 70.31002267573696, 70.65832199546485, 70.98340136054422, 71.3317006802721, 71.68, 72.02829931972789, 72.35337868480725, 72.70167800453515, 73.04997732426304, 73.39827664399093, 73.7233560090703, 74.07165532879819, 74.41995464852607, 74.76825396825397, 75.11655328798186, 75.44163265306122, 75.78993197278912, 76.138231292517, 76.46331065759637, 76.81160997732427, 77.15990929705215, 77.50820861678004, 77.85650793650794, 78.1815873015873, 78.5298866213152, 78.87818594104309, 79.22648526077097, 79.55156462585035, 79.89986394557823, 80.24816326530612, 80.59646258503402, 80.92154195011338, 81.26984126984127, 81.61814058956917, 81.96643990929705, 82.29151927437641, 82.63981859410431, 82.9881179138322, 83.33641723356008, 83.68471655328798, 84.00979591836735, 84.35809523809523, 84.70639455782313, 85.05469387755102, 85.37977324263039, 85.72807256235828, 86.07637188208616, 86.42467120181406, 86.74975056689343, 87.09804988662131, 87.44634920634921, 87.77142857142857, 88.11972789115646, 88.46802721088436, 88.8627664399093, 89.25750566893424, 89.6754648526077, 90.04698412698413, 90.39528344671201, 90.74358276643991, 91.06866213151928, 91.39374149659864, 91.74204081632654, 92.0671201814059, 92.41541950113378, 92.76371882086168, 93.11201814058957, 93.43709750566893, 93.78539682539683, 94.13369614512472, 94.4819954648526, 94.80707482993198, 95.15537414965986, 95.50367346938775, 95.85197278911565, 96.17705215419501, 96.5253514739229, 96.8736507936508, 97.22195011337868, 97.54702947845804, 97.89532879818594, 98.24362811791383, 98.59192743764173, 98.94022675736962, 99.26530612244898, 99.61360544217688, 99.96190476190476, 100.31020408163265, 100.63528344671202, 100.98358276643991, 101.3318820861678, 101.6801814058957, 102.02848072562358, 102.35356009070294, 102.70185941043084, 103.05015873015873, 103.39845804988663, 103.72353741496599, 104.07183673469387, 104.42013605442177, 104.76843537414966, 105.11673469387755, 105.46503401360545, 105.79011337868481, 106.1384126984127, 106.4867120181406, 106.83501133786848, 107.16009070294784, 107.50839002267574, 107.85668934240363, 108.20498866213151, 108.53006802721089, 108.87836734693877, 109.22666666666667, 109.57496598639456, 109.90004535147392, 110.24834467120182, 110.5966439909297, 110.94494331065759, 111.27002267573697, 111.61832199546485, 111.96662131519274, 112.31492063492064, 112.66321995464853, 112.98829931972789, 113.33659863945579, 113.68489795918367, 114.03319727891156, 114.35827664399093, 114.70657596371882, 115.0548752834467, 115.4031746031746, 115.75147392290249, 116.07655328798187, 116.42485260770975, 116.77315192743764, 117.09823129251701, 117.4465306122449, 117.79482993197279, 118.14312925170069, 118.46820861678005, 118.81650793650793, 119.16480725623583, 119.51310657596372, 119.8614058956916, 120.18648526077098, 120.53478458049887, 120.88308390022675, 121.23138321995465, 121.55646258503401, 121.9047619047619, 122.2530612244898, 122.60136054421768, 122.92643990929706, 123.27473922902495, 123.62303854875283, 123.97133786848073, 124.31963718820862, 124.64471655328798, 124.99301587301588, 125.34131519274376, 125.68961451247165, 126.03791383219955, 126.36299319727891, 126.7112925170068, 127.0595918367347, 127.40789115646258, 127.73297052154194, 128.08126984126983, 128.42956916099774, 128.77786848072563, 129.12616780045352, 129.4512471655329, 129.79954648526078, 130.14784580498866, 130.49614512471655, 130.82122448979592, 131.1695238095238, 131.5178231292517, 131.86612244897958, 132.19120181405896, 132.53950113378684, 132.88780045351473, 133.23609977324264, 133.561179138322, 133.90947845804988, 134.2577777777778, 134.60607709750568, 134.93115646258502, 135.27945578231294, 135.62775510204082, 135.9760544217687, 136.3243537414966, 136.67265306122448, 137.0209523809524, 137.36925170068028, 137.69433106575963, 138.019410430839, 138.34448979591838, 138.66956916099772, 138.9946485260771, 139.34294784580499, 139.7144671201814, 140.0627664399093, 140.38784580498867, 140.71292517006802, 141.0612244897959, 141.43274376417233,